Stock Symbol,Buy,Overweight,Hold,Underweight,Sell
EFF,0,0,0,0,0
AUMB,0,0,0,0,0
ONE,1,0,0,0,0
TGIF,0,0,1,0,0
EPIC,0,0,0,0,0
JJJ.X,0,0,0,0,0
FFNT,3,0,0,0,0
VNP,3,2,0,0,0
JQ,0,0,0,0,0
AGF.B,2,0,5,0,0
AIS,0,0,0,0,0
AZ,1,0,0,0,0
AME,1,0,0,0,0
ABCT,0,0,2,0,1
ABI,0,0,0,0,0
ABM,0,0,0,0,0
AAB,0,0,0,0,0
ABRA,3,0,0,0,0
ADN,0,1,4,0,0
ABST,0,1,3,0,1
AXE,1,0,0,0,0
AKR,0,0,0,0,0
ACD,0,1,0,0,0
ARA,1,0,1,0,0
ACME,0,0,0,0,0
ILLM,6,0,1,0,0
ADZ,0,0,1,0,0
XTRX,0,0,0,0,0
ADCO,0,0,0,0,0
ADE,0,0,0,0,0
ADEN,5,1,1,0,0
DRX,1,0,0,0,0
ACT,0,0,0,0,0
APC.H,0,0,0,0,0
AALI,0,0,0,0,0
AUHI,0,0,0,0,0
AAV,10,2,2,0,0
ADX,1,0,0,0,0
ADZN,1,1,0,0,0
ARE,5,1,6,0,0
AEG,0,0,0,0,1
ADY,0,0,0,0,0
ATHR,0,0,0,0,0
AEZS,1,0,0,0,0
AQS,1,0,0,0,0
AFR,0,0,0,0,0
AOI,5,1,0,0,0
CUCO,0,0,0,0,0
AFN,8,2,0,0,0
AAG,0,0,0,0,0
AEM,16,3,2,0,0
AIM,2,0,0,0,0
AGRA,1,0,0,0,0
AIM.PRC,2,0,0,0,0
AIM.PRA,2,0,0,0,0
AIML,0,0,0,0,0
AION,0,0,0,0,0
AC,10,2,2,1,0
BOS,5,1,0,0,0
AKU,1,0,1,0,1
IQ,1,0,0,0,0
AKT.A,1,0,0,0,0
AML,0,0,0,0,0
AGI,5,0,7,0,0
AD.UT,4,1,1,0,0
AEMC,1,0,0,0,0
AKH.H,0,0,0,0,0
AMS,0,0,0,0,0
ALDE,1,0,0,0,0
AH,0,0,1,0,0
ALE,0,0,0,0,0
AGN,1,0,0,0,0
ALC,2,1,0,0,0
ASTL,2,1,2,0,0
ASTL.WT,2,1,2,0,0
AQN,3,1,9,0,1
AQN.PRD,3,1,9,0,1
AQN.PRA,3,1,9,0,1
ANZ,0,0,0,0,0
ATD,14,0,3,0,0
ALYA,4,1,3,0,0
AUAU,1,0,0,0,0
ALM,0,0,0,0,0
AP.UT,9,1,1,0,0
AKE,12,2,4,1,0
AMM,0,0,1,0,0
ALMA,0,0,0,0,0
DEX,0,0,0,0,0
AII,1,0,0,0,0
ALCU,0,0,0,0,0
AORO,0,0,0,0,0
AFM,1,0,0,0,0
ALPA,0,0,0,0,0
ATCU,0,0,0,0,1
NPA,0,0,0,0,0
ALA,13,2,1,0,0
ALA.PRB,13,2,1,0,0
ALA.PRA,13,2,1,0,0
ALA.PRH,13,2,1,0,0
ALA.PRG,13,2,1,0,0
ALA.PRE,13,2,1,0,0
ATI,0,0,0,0,0
AVX,0,0,0,0,0
ALTA,0,0,0,0,0
ARH,0,0,0,0,0
ALV,2,0,0,0,0
AMRQ,2,0,0,0,0
ACDX,0,0,0,0,0
LI,3,0,0,0,0
XYZ,1,0,0,0,0
ALY,0,0,0,0,0
ADW.B,1,0,0,0,0
AAU,0,0,1,0,0
ANK,0,0,0,0,0
GUS,0,0,0,0,0
ANTL,0,0,0,0,0
ANON,0,0,0,0,0
ATE,4,0,1,0,0
APGO,3,0,0,0,0
APX,1,0,0,0,0
APLV,1,0,0,0,0
API,1,0,0,0,0
APL,0,0,0,0,0
APLI,0,0,1,0,0
ASTI,0,0,0,0,0
APS,7,0,0,0,0
ARJN,0,0,0,0,0
ABR,0,0,0,0,0
ARCH,0,0,1,0,0
ARX,12,3,0,0,0
RCHR,0,0,0,0,0
ARC,0,0,0,0,0
AWX,0,0,0,0,0
ARS,1,0,0,0,0
ADD,0,0,0,0,0
ARTO,1,0,0,0,0
AREV,0,0,0,0,0
LIT,1,0,0,0,0
ARQ,0,0,0,0,0
AR,4,1,0,0,0
ART.WT,0,1,0,0,0
AMC,5,0,0,0,0
ARK,0,0,0,0,0
ARTG,6,1,1,0,0
AOT,2,0,1,0,0
ASND,2,1,0,0,0
ASEP,0,0,0,0,0
ASIA,0,0,0,0,0
SAT,0,0,0,0,0
BAY,0,0,0,0,0
ASTR,0,0,0,0,0
ATC,1,0,0,0,0
ACO.Y,5,0,3,0,0
ACO.X,5,0,3,0,0
ATCM,0,0,0,0,0
ATX,3,1,0,0,0
ATH,3,0,3,0,0
ATHA,0,0,0,0,0
AAT,0,0,0,0,0
ATY,2,0,0,0,0
ATL,0,0,0,0,0
AEP,1,1,0,0,0
SALT,0,0,0,0,0
ATOM,0,0,0,0,0
AAN,1,0,0,0,0
ATMO,1,0,0,0,0
TTO.H,0,0,0,0,0
AI,3,0,0,0,0
ATS,5,2,0,0,0
AUGC,0,0,0,0,0
ATW,0,0,0,0,0
G,1,0,0,0,0
AUQ,0,0,0,0,0
ORA,5,0,1,0,0
ARU,1,0,0,0,0
AU,3,0,0,0,0
AUR.H,0,0,0,0,0
ACB,0,0,3,0,0
ASG,1,0,0,0,0
ACU,0,0,0,0,0
AWR,0,0,0,0,0
ACR.H,0,0,0,0,0
AGLD,0,0,0,0,0
ACQ,3,1,5,0,0
AFCC.H,0,0,1,0,0
APR.UT,1,2,8,0,0
AUAG,1,0,0,0,0
XLY,0,0,2,0,0
AVNT,1,0,0,0,0
AVL,0,0,1,0,0
XX,0,0,0,0,1
AVA,0,0,0,0,0
AGC,0,0,0,0,0
AVN,1,1,0,0,0
AVN.WTA,1,1,0,0,0
AVM.X,0,0,0,0,0
AVCN,0,0,0,0,1
AVG,0,0,0,0,0
VIK,0,0,0,0,0
ASM,4,0,0,0,0
VIV,1,0,0,0,0
AVCR,0,0,0,0,0
AVU,0,0,0,0,0
ARIC,0,0,0,0,0
AXCP,0,0,0,0,0
AYA,5,2,0,0,0
AXM,1,0,0,0,0
AXIS,1,0,1,0,0
AYR.A,6,0,1,0,0
AZR,0,1,0,0,0
AYUR,1,0,0,0,0
AZM,1,0,0,0,0
AZT,0,0,0,0,0
AAZ,0,0,0,0,0
AMZ,0,0,0,0,0
BTO,11,2,2,0,0
BP,0,0,1,0,0
BAC,0,0,0,0,0
BDGI,2,1,4,0,1
BLDP,3,2,17,0,3
BMO,2,1,2,0,1
BMO.PRE,8,4,4,0,1
BMO.PRW,8,4,4,0,1
BMO.PRF,8,4,4,0,1
BMO.PRS,8,4,4,0,1
BMO.PRT,8,4,4,0,1
BMO.PRY,8,4,4,0,1
BNS,0,0,5,2,0
BYN,1,0,0,0,0
BNS.PRI,2,1,11,1,1
BRO,0,1,0,0,0
BGS,0,0,0,0,0
ABX,13,2,9,1,1
BME,0,0,1,0,0
BARU,0,0,1,0,0
NCLR,0,0,0,0,0
FIND,0,0,0,0,0
BMV,0,0,0,0,0
BAT,0,1,0,0,0
BMR,0,0,0,0,0
BLCO,9,0,5,0,0
BHS,1,0,0,0,0
BHC,2,0,6,1,0
BYL,0,0,2,0,0
BTE,4,0,6,0,0
BYM.H,0,0,0,0,0
BBTV,1,0,0,0,0
BCE,3,2,13,0,0
BCBC,0,0,0,0,0
BCE.PRE,3,2,13,0,0
BCE.PRB,3,2,13,0,0
BCE.PRH,3,2,13,0,0
BCE.PRM,3,2,13,0,0
BCE.PRJ,3,2,13,0,0
BCE.PRQ,3,2,13,0,0
BCE.PRA,3,2,13,0,0
BCE.PRN,3,2,13,0,0
BCE.PRL,3,2,13,0,0
BCE.PRD,3,2,13,0,0
BCE.PRG,3,2,13,0,0
BCE.PRF,3,2,13,0,0
BCE.PRI,3,2,13,0,0
BCE.PRK,3,2,13,0,0
BCE.PRC,3,2,13,0,0
BCE.PRR,3,2,13,0,0
BCE.PRT,3,2,13,0,0
BCE.PRS,3,2,13,0,0
BCE.PRY,3,2,13,0,0
B,0,0,0,0,0
BCE.PRZ,3,2,13,0,0
BGF,0,0,0,0,0
BCM,2,0,1,0,0
BEE,0,0,0,0,0
BLGV,0,0,0,0,1
BCU,1,0,0,0,0
BLU,2,0,5,0,0
BSX,1,0,0,0,0
BEA,0,0,0,0,0
BMET,0,0,0,0,0
BNN,0,0,0,0,0
BNCH,1,1,0,0,0
BNG,1,0,0,0,0
BEX,0,0,0,0,0
PLNT.X,1,0,0,0,0
BZ,0,0,0,0,0
BETR,1,0,0,0,0
BEW,1,0,0,0,0
DOCT,0,0,0,0,0
BOIL,1,0,0,0,0
BRAU,0,0,0,0,0
PRM.PRA,0,0,0,0,0
BIGG,2,0,0,0,0
BR,0,0,1,0,0
BIGT,0,0,0,0,0
BHSC,0,0,0,0,0
BTI,1,0,0,0,0
CURE,0,0,0,0,0
BIO,1,0,0,0,0
BUX,0,0,0,0,0
BGA,0,0,0,0,0
BNXT,0,0,0,0,0
ZRO,0,0,0,0,0
BRM,0,0,0,0,0
RX,0,1,0,0,0
BIK.PRA,0,0,0,0,0
BIOV,0,0,0,0,0
BIR,8,1,5,0,1
BDT,7,0,2,0,0
BTCW,1,0,0,0,0
BITF,3,0,0,0,0
BDR,0,0,0,0,0
BBM,1,0,0,0,0
BMEX,0,0,0,0,0
BLM,0,0,0,0,0
GBT,0,0,1,0,0
BWLK,0,0,0,0,0
BEI.UT,8,0,2,0,0
BRMI,3,1,0,0,0
BAMM,0,0,0,0,0
BOCA,0,0,0,0,0
BBD.PRB,9,0,4,1,1
BOL,0,0,0,0,0
BOLT,0,0,0,0,0
BBD.B,8,0,4,1,1
BBD.PRC,9,0,4,1,1
BBD.A,9,0,4,1,1
BBD.PRD,9,0,4,1,1
BNZ,0,0,0,0,0
BNE,4,1,1,0,0
VEGI,0,0,0,0,0
BTR,0,1,0,0,0
BLX,7,2,5,0,0
BYD,8,1,4,0,0
BONE,0,0,0,0,0
BQE,0,0,1,0,0
BHLI,2,0,0,0,0
BRAG,6,1,0,0,0
BES,1,0,0,0,0
BRAS,0,0,0,0,0
BRVO,2,1,0,0,0
BVA,0,0,0,0,0
BRAX,0,0,0,0,0
BCT,1,0,0,0,0
BRE,0,0,1,0,0
BRY,0,0,1,0,0
BRG,0,0,0,0,0
BLAB,0,0,0,0,0
DRUG,1,0,0,0,0
BBB,1,0,0,0,0
OSP.PRA,0,0,0,0,0
LCS.PRA,0,0,0,0,0
SBC.PRA,0,0,0,0,0
BBUC,0,0,0,0,0
BAM,5,0,1,0,2
BBU.UT,4,0,1,0,1
BN,9,1,1,1,0
BN.PRX,9,1,1,1,0
BN.PFD,9,1,1,1,0
BN.PFG,9,1,1,1,0
BN.PRZ,9,1,1,1,0
BN.PFI,9,1,1,1,0
BN.PFJ,9,1,1,1,0
BN.PFC,9,1,1,1,0
BN.PFA,9,1,1,1,0
BN.PFF,9,1,1,1,0
BN.PFE,9,1,1,1,0
BN.PRM,9,1,1,1,0
BN.PRR,9,1,1,1,0
BN.PRT,9,1,1,1,0
BN.PRC,9,1,1,1,0
BN.PFB,9,1,1,1,0
BN.PFK,9,1,1,1,0
BN.PRK,9,1,1,1,0
BN.PRN,9,1,1,1,0
BN.PFL,9,1,1,1,0
BN.PRB,9,1,1,1,0
BIPC,1,0,0,0,0
BN.PFH,9,1,1,1,0
BIP.PRB,8,1,2,1,0
BIP.PRF,8,1,2,1,0
BIP.UT,8,1,2,1,0
BIP.PRE,8,1,2,1,0
BIP.PRA,8,1,2,1,0
BRN.PRA,0,0,0,0,0
BPO.PRT,0,0,1,0,0
BPO.PRR,0,0,1,0,0
BPO.PRP,0,0,1,0,0
BPO.PRA,0,0,1,0,0
BPO.PRI,0,0,1,0,0
BPO.PRC,0,0,1,0,0
BPO.PRE,0,0,1,0,0
BPO.PRN,0,0,1,0,0
BPO.PRG,0,0,1,0,0
BPO.PRX,0,0,1,0,0
BPO.PRY,0,0,1,0,0
BPO.PRW,0,0,1,0,0
BPS.PRA,0,0,0,0,0
BPS.PRB,0,0,0,0,0
BPS.PRC,0,0,0,0,0
BNRE,0,0,0,0,0
BEPC,1,0,1,0,0
BEP.UT,9,1,4,0,0
BEP.PRG,3,1,5,0,0
BEP.PRR,3,1,5,0,0
BEP.PRO,3,1,5,0,0
BEP.PRM,3,1,5,0,0
BRF.PRE,0,0,0,0,0
BRF.PRA,0,0,0,0,0
BRF.PRC,0,0,0,0,0
BRF.PRB,0,0,0,0,0
BRF.PRF,0,0,0,0,0
DOO,14,2,2,0,0
BRW,0,0,0,0,0
HOM.UT,10,2,0,0,0
BTB.UT,3,0,2,0,0
BTU,0,0,0,0,0
BUI,0,0,1,0,0
BCF,1,0,0,0,0
BNKR,1,0,0,0,0
BGD,0,0,0,0,0
AMMO,0,0,0,0,0
BU,1,0,0,0,0
BRCO,0,0,0,0,0
BEN.H,0,0,0,0,0
BWR,0,0,0,0,0
BYND,0,0,0,0,0
BZAM,1,0,0,0,0
CXXI,0,0,0,0,0
CCCM,2,0,0,0,0
CTOC,0,0,0,0,0
CBR,1,0,0,0,0
CWL,1,0,0,0,0
CAE,9,0,2,0,0
CFW,3,0,1,0,0
CGY,7,1,0,0,0
CFW.WT,3,0,1,0,0
CXB,6,2,1,0,0
CNX,1,0,0,0,0
CNO,0,0,0,0,0
COR,0,0,0,0,0
CF,1,0,2,0,0
CF.PRA,1,0,2,0,0
CF.PRC,1,0,2,0,0
CNE,4,1,1,0,0
CCB,0,0,0,0,0
GOOS,3,0,7,1,1
CNC,5,1,0,0,0
LL,0,0,0,0,0
CCW,0,0,0,0,0
CANB,0,0,0,0,0
CAR.UT,11,0,2,1,0
BK.PRA,0,0,0,0,0
CCMI,1,0,0,0,0
CGI.PRD,0,0,0,0,0
CGC,0,0,0,0,0
CM,1,1,3,1,1
CM.PRS,0,0,0,0,0
CM.PRY,3,0,11,1,1
CM.PRO,3,0,11,1,1
CM.PRT,3,0,11,1,1
CM.PRP,3,0,11,1,1
CM.PRQ,3,0,11,1,1
CME,0,0,0,0,0
CNR,11,1,19,1,1
LFE.PRB,0,0,1,0,0
CNQ,14,0,8,0,0
NET.UT,5,0,0,0,0
CNRI,1,0,0,0,0
TEAM,0,0,0,0,0
XOP,1,0,0,0,0
CP,19,2,9,1,0
BULL,0,0,0,0,0
CPS,0,0,0,0,0
AGH.H,0,0,0,0,0
SPI,0,0,0,0,1
CTC,8,1,1,1,0
CTC.A,8,1,1,1,0
CU.PRE,0,0,8,1,0
CU.PRJ,0,0,8,1,0
CU.PRH,0,0,8,1,0
CU.PRC,0,0,8,1,0
CU,0,0,8,1,0
CU.X,0,0,8,1,0
CU.PRI,0,0,8,1,0
CU.PRF,0,0,8,1,0
CWB,5,3,5,0,0
CU.PRG,0,0,8,1,0
CU.PRD,0,0,8,1,0
CWB.PRD,0,0,0,0,0
CWB.PRB,5,3,5,0,0
CAF,0,0,0,0,0
CAND,0,0,0,0,0
CFP,6,1,0,0,0
CANX,0,0,0,0,0
CFX,2,1,2,0,0
CML,0,0,0,0,1
ICE,1,0,0,0,0
BLO,0,0,0,0,0
PILL,0,0,0,0,0
EIT.PRA,0,0,0,0,0
EIT.PRB,0,0,0,0,0
WEED,2,0,7,1,6
WEED.WT,2,0,7,1,6
CSOC.A,0,0,0,0,0
ROX,0,0,0,0,0
CDA,0,0,0,0,0
CD,0,0,0,0,0
CTM,0,0,1,0,0
CXG,1,0,0,0,0
CYF,0,0,0,0,0
CMIL,0,0,0,0,0
CPX,5,0,8,0,0
CPX.PRE,5,0,8,0,0
CPX.PRC,5,0,8,0,0
CPX.PRK,5,0,8,0,0
CPX.PRA,5,0,8,0,0
CAI,0,0,0,0,0
CS,10,1,0,0,0
CNRG,0,0,0,0,0
CSE.PRA,0,0,0,0,1
PWR,1,0,0,0,0
AUTO,0,0,0,0,0
CRDL,4,0,0,0,0
CJ,3,0,4,0,0
CRBK,1,0,0,0,0
CRRX,8,1,0,0,0
CSPN,0,0,0,0,0
CJT,8,0,4,0,0
CCC,0,0,0,0,0
CUP.USD,0,0,1,0,0
RUSH,1,0,0,0,0
ECR,2,0,0,0,0
CFE,0,0,0,0,0
CASA,0,0,0,0,0
CCD,0,0,0,0,0
CAS,2,0,4,0,0
CK,0,0,0,0,0
GLDC,1,0,0,0,0
CAT,0,0,0,0,0
CET,4,1,0,0,0
CBIT,0,0,1,0,0
CBLT,0,0,0,0,0
CCL.A,6,2,1,0,0
CCL.B,6,2,1,0,0
CMI,0,0,0,0,0
CDN,0,0,0,0,0
CZO,1,0,0,0,0
CLS,3,0,4,0,0
CVX,1,0,0,0,0
CVE.PRC,15,0,3,0,0
CVE,15,0,3,0,0
CVE.PRB,15,0,3,0,0
CVE.PRE,15,0,3,0,0
CVE.PRG,15,0,3,0,0
CVE.PRA,15,0,3,0,0
CVE.WT,15,0,3,0,0
CTA,1,0,0,0,0
CEE,7,0,2,0,1
CG,4,1,3,1,0
CTN,0,0,0,0,0
CNT,0,0,0,0,0
LCE,3,0,0,0,0
CNTR,0,0,0,0,0
CRP,0,0,0,0,0
CDAY,8,3,8,0,0
CERT,2,0,0,0,0
CDPR,0,0,0,0,0
CEG,1,0,0,0,0
CEU,10,0,0,0,0
GIB.A,9,2,2,1,0
CYL,1,0,0,0,0
OYL,1,0,0,0,0
PERU,1,0,0,0,0
WAGR,1,0,0,0,0
CIA,4,1,1,0,0
YES,1,0,0,0,0
CH,0,0,0,0,0
CWEB,2,0,1,0,0
CSH.UT,5,0,0,0,0
NZP,1,0,0,0,0
CHM,0,0,0,0,0
CHE.UT,6,1,0,0,0
CBG,0,0,0,0,0
CHP.UT,4,0,4,0,0
CVGR,0,0,0,0,0
CGII,0,0,0,0,0
CZZ,0,0,0,0,0
CDX,0,0,0,0,0
DOC,3,0,1,0,0
CLSH,0,0,1,0,0
CMB,1,0,1,0,0
CXC,0,0,0,0,0
GROW,0,0,0,0,0
COCO,0,0,0,0,0
CBV,0,0,0,0,0
CEI,1,1,0,0,0
CCA,2,0,6,1,1
CGO,1,0,1,0,0
CGN,1,0,0,0,0
GCL,0,1,0,0,0
CBI,1,0,0,0,0
CNL,1,0,0,0,0
TIE,0,0,1,0,0
CAD,1,0,0,0,0
CIGI,7,0,1,0,0
CEL.H,0,0,0,0,0
CCE,1,0,0,0,0
CMD,0,0,0,0,0
TIE,0,0,1,0,0
CAD,1,0,0,0,0
CIGI,7,0,1,0,0
CEL.H,0,0,0,0,0
CMD,0,0,0,0,0
YCM.PRA,0,0,0,0,0
CCE,1,0,0,0,0
YCM.PRB,0,0,0,0,0
CMG,3,0,1,0,1
CHS,0,0,0,0,0
CSL,0,0,0,0,0
CDR,1,0,0,0,0
COG,1,0,0,0,0
CFF,0,0,2,0,1
CQR,0,0,0,0,0
CPAU,0,0,0,0,0
CUU,0,0,0,0,0
CMMC,0,0,5,0,5
CPLF,5,1,2,0,0
CJR.B,1,0,6,0,1
CTH,1,0,0,0,0
CSG.H,0,0,0,0,0
COSA,0,0,0,0,0
COV,0,0,0,0,0
CVO,7,0,2,0,0
CPG,11,2,1,0,0
CTX,0,0,0,0,0
CL,7,0,6,0,0
CRS,1,0,0,0,0
CR,8,2,2,0,0
CEQ,0,0,0,0,0
CRE,3,0,0,0,0
CRR.UT,5,0,2,0,0
CTTT,0,0,0,0,0
CRON,3,2,6,1,0
CRVC,0,0,0,0,0
CRWN,0,1,0,0,0
CRUZ,0,0,0,0,0
BLOX,0,0,0,0,0
CRT.UT,2,0,4,0,0
CSTR,0,0,1,0,0
CIU.PRA,0,0,0,0,0
CIU.PRC,0,0,0,0,0
CUB,0,0,2,0,0
CMT,0,0,0,0,0
CULT,0,0,0,0,0
CURA,12,1,3,0,0
WATR,0,0,0,0,0
CXI,1,0,0,0,0
CUI,0,0,0,0,0
CVW,1,0,0,0,0
CWC,0,0,1,0,0
CYBT,0,0,0,0,0
CYM,1,0,0,0,0
CODE,0,0,0,0,0
HODL,1,0,0,0,0
CHY,0,0,0,0,0
DTOL,5,1,1,0,0
DMR,0,0,0,0,0
DVN,0,0,0,0,0
DAR,0,0,0,0,0
DCM,2,0,0,0,0
DAC,1,0,0,0,0
DM,1,0,0,0,0
DAT.H,0,0,0,0,0
DBO,1,0,0,0,0
DEC,0,0,0,0,0
DTEA,0,0,1,0,0
DE,1,1,0,0,0
DB.WTA,1,0,0,0,0
DB,1,0,0,0,0
DE.WT,1,1,0,0,0
DKL,1,0,0,0,0
MKT,0,0,0,0,0
DEEP,0,0,0,0,0
DEF,1,0,0,0,0
DLTA,0,0,0,0,0
DELT,0,0,0,0,0
DME.WT,1,0,0,0,0
DSY,0,0,1,0,0
DXT,4,0,3,0,0
DMED,0,0,0,0,0
CARE,4,0,4,0,0
DMI,1,0,0,0,0
DOS,0,0,0,0,0
DCOP,1,0,0,0,0
DFN.PRA,0,0,0,0,0
DLP,0,0,0,0,0
DOL,9,0,4,0,0
DV,1,0,0,0,0
DBM,2,0,4,0,0
DLCG,0,1,1,0,0
DCMC,0,1,0,0,0
DII.A,1,0,1,0,0
DII.B,1,0,1,0,0
MOOD,0,0,0,0,0
DBG,1,0,0,0,0
MPCT.UT,3,1,0,0,0
DPRO,2,0,0,0,0
DIR.UT,11,1,0,0,0
D.UT,2,1,5,1,0
DRM,2,0,0,0,0
DHT.UT,6,1,0,0,0
DC.PRD,1,0,0,0,0
DC.A,1,0,0,0,0
FLT,0,1,0,0,0
DC.PRB,1,0,0,0,0
DST,0,0,0,0,0
DPM,8,0,1,0,0
DGO,0,0,0,0,0
DYA,1,0,0,0,0
DND,4,1,0,0,1
DNG,1,0,0,0,0
DYG,0,0,0,0,0
EINC,2,0,4,0,0
ENS.PRA,0,0,0,0,0
ETU,1,0,0,0,0
ETL,2,0,0,0,0
ESNR,0,0,0,0,0
EPL,0,0,0,0,0
SPOT,0,0,0,0,0
EAC,0,0,0,0,0
ERTH,1,0,0,0,0
ERTH.WT,1,0,0,0,0
EWK,0,0,0,0,0
EAM,0,0,1,0,0
EW,1,0,0,0,0
EAGR,4,1,0,0,0
ETF,0,0,0,0,0
EBM,0,0,0,0,0
ELR,0,0,1,0,0
EATS,0,0,0,0,0
EWG,1,0,0,0,0
ECN,1,0,5,0,0
ECN.PRC,1,0,5,0,0
EOG,3,0,0,0,0
EOM,0,0,1,0,0
ECM,0,0,0,0,0
ECOR,5,0,0,0,0
ECO,1,0,0,0,0
EDY,0,0,0,0,0
CTRL,0,0,0,0,0
EDW.H,1,0,0,0,0
YFI,1,0,0,0,0
EDDY,0,0,0,0,0
EDM,1,0,0,0,0
EFV,0,0,0,0,0
TMED,0,0,0,0,0
EGR,0,0,0,0,0
EGT,1,2,0,0,0
ELF,1,0,0,0,0
ELF.PRF,1,0,0,0,0
ELF.PRG,1,0,0,0,0
ELF.PRH,1,0,0,0,0
ERA,1,0,0,0,0
ELD,3,1,6,1,1
ELBM,3,0,1,0,0
EFL,2,0,0,0,0
ELEC,1,0,0,0,0
EML,0,0,0,0,0
ECU,0,0,0,0,0
EFN.PRC,7,1,1,0,0
EFN,7,1,1,0,0
EFN.PRE,7,1,1,0,0
EFN.PRA,7,1,1,0,0
ELMT,0,0,0,0,0
ELEM,1,0,0,0,0
ELVT,1,0,0,0,0
ELVT.WTA,1,0,0,0,0
ELO,2,0,0,0,0
BABY,0,0,1,0,0
ELC,1,0,0,0,0
EMA,5,1,9,0,1
EMA.PRE,5,1,9,0,1
EMA.PRJ,5,1,9,0,1
EMA.PRF,5,1,9,0,1
EMA.PRH,5,1,9,0,1
EMA.PRL,5,1,9,0,1
EMA.PRC,5,1,9,0,1
EMA.PRA,5,1,9,0,1
EMA.PRB,5,1,9,0,1
ECOM,1,1,0,0,0
EMR,0,0,0,0,0
EMER,0,0,0,0,0
EMPS,0,0,0,0,0
EMO,1,0,0,0,0
EMNT,0,0,0,0,0
EMPH,0,0,0,0,0
EMP.A,5,0,2,1,0
EMPR,1,0,0,0,0
EPW,1,0,0,0,0
EMX,1,0,0,0,0
ENA,0,0,1,0,0
ENB,10,1,9,0,0
ENB.PRD,10,1,9,0,0
ENB.PRP,10,1,9,0,0
ENB.PRT,10,1,9,0,0
ENB.PRA,10,1,9,0,0
ENB.PFK,10,1,9,0,0
ENB.PFC,10,1,9,0,0
ENB.PRB,10,1,9,0,0
ENB.PRF,10,1,9,0,0
ENB.PRH,10,1,9,0,0
ENB.PRN,10,1,9,0,0
ENB.PFE,10,1,9,0,0
ENB.PFG,10,1,9,0,0
ENB.PRY,10,1,9,0,0
ENB.PRJ,10,1,9,0,0
ENB.PFA,10,1,9,0,0
EU,4,0,0,0,0
EPO.H,0,0,0,0,1
EDV,14,2,0,0,1
ENEV,0,0,0,0,0
ERF,9,3,2,0,0
ENRT,1,0,0,0,0
EAU,0,0,0,0,0
EGM,0,0,0,0,0
NVRO,1,0,0,0,0
EWS,1,0,0,0,0
ENW,0,0,1,0,0
EONX,0,0,0,0,0
EQ,1,0,0,0,0
EQB,6,2,0,0,0
EQB.PRC,6,2,0,0,0
EQX,4,0,4,0,2
EQTY,1,0,0,0,0
ERD,1,0,0,0,0
ERO,4,2,6,0,0
ESE,1,0,0,0,0
ERC,0,0,0,0,0
ESGW,0,0,0,0,0
ESK,1,0,0,0,0
ESAU,0,0,0,0,0
ESN,0,0,1,0,0
REE,0,0,0,0,0
ESX,0,0,0,0,0
EPRX.WT,2,0,0,0,0
ETR,0,0,0,0,0
EPRX,2,0,0,0,0
EPRX.WTA,2,0,0,0,0
EMN,1,0,0,0,0
ESM,1,0,0,0,0
EOX,0,0,1,0,0
ERE.UT,6,2,4,0,0
EVNI,1,0,0,0,0
EVER,0,0,0,0,0
EVGN,3,0,1,0,0
ET,2,1,0,0,0
ELL,0,0,0,0,0
OKAI,0,0,0,0,0
EXN,0,1,0,0,0
MIN,0,0,1,0,0
EIF,10,1,0,0,0
XTC,0,1,0,0,0
XBLK.X,0,0,0,0,0
EXG,0,0,0,0,0
NFLD,0,0,0,0,0
EXRO,2,0,0,0,0
EXRO.WT,2,0,0,0,0
EXE,0,0,4,0,0
FUU,0,0,0,0,0
FBF,0,0,0,0,0
FABL,0,0,0,0,0
FFH,5,1,1,1,0
FFH.PRD,5,1,1,1,0
FFH.PRJ,5,1,1,1,0
FFH.PRK,5,1,1,1,0
FFH.PRM,5,1,1,1,0
FFH.PRF,5,1,1,1,0
FFH.PRH,5,1,1,1,0
FFH.PRI,5,1,1,1,0
FFH.PRC,5,1,1,1,0
FFH.PRE,5,1,1,1,0
FFH.PRG,5,1,1,1,0
FPC,1,0,0,0,0
FG,0,0,0,0,0
FNC,0,0,0,0,0
FO,1,0,0,0,0
FDM,0,0,0,0,0
FANS,1,0,0,0,0
FDY,2,0,0,0,0
FNI,0,0,0,0,0
FE,0,0,0,0,1
FDGE,0,0,1,0,1
FNDX,0,0,0,0,0
FENX,1,0,0,0,0
FRX,5,1,0,0,0
FMN,0,0,0,0,0
CALI.X,0,0,1,0,0
FDI,1,0,0,0,0
FNQ,0,0,0,0,0
FYL,0,0,0,0,0
FTG,1,0,0,0,0
FFOX,1,0,0,0,0
FLM,1,0,0,0,0
FM,11,2,6,0,2
FLNT,0,0,0,0,1
FLYN,0,0,0,0,0
FLY,2,0,0,0,0
FOBI,0,0,0,0,1
FKM,0,0,0,0,0
FMS,0,0,1,0,0
FOM,6,0,1,0,0
FAR,1,0,0,0,0
FAT,0,0,0,0,0
FSY,1,0,0,0,0
FTJ,0,0,0,0,0
CUAU,0,0,0,0,0
FTS,2,1,10,2,2
FTS.PRH,2,1,10,2,2
FTS.PRF,2,1,10,2,2
FTS.PRM,2,1,10,2,2
FTS.PRK,2,1,10,2,2
FTS.PRG,2,1,10,2,2
FTS.PRI,2,1,10,2,2
FTS.PRJ,2,1,10,2,2
FVI,2,0,3,0,0
FOR,0,0,0,0,0
FMC,0,0,0,0,0
FWTC,0,0,0,0,0
FSX,0,0,0,0,0
FORZ,0,0,1,0,0
FNAU,0,0,0,0,0
FA,0,0,0,0,0
FOX,1,0,0,0,0
FP,0,0,1,0,0
FNV,5,1,4,0,1
FPX,0,1,0,0,0
FRED,0,0,0,0,0
FRU,11,2,3,0,0
FVL,1,0,0,0,0
FMAN,1,0,0,0,0
HUGE,1,0,0,0,0
FTI,0,0,0,0,0
FRI,0,0,0,0,0
FCLI,1,0,0,0,0
NHHH,1,0,0,0,0
FMM,0,0,0,0,0
FURY,3,0,0,0,0
GMIN,7,0,0,0,0
FUSE,0,0,0,0,0
GTWO,3,0,0,0,0
GTOO,0,0,0,0,0
GETT,0,0,0,0,0
GGG,0,0,0,0,0
GBU,0,0,1,0,0
GABY,1,0,0,0,0
GAU,2,0,2,0,0
GAL,1,0,0,0,0
GLXY,4,0,0,0,0
GLL,0,0,0,0,0
GGO,1,0,0,0,0
GRI,0,0,0,0,0
GWM,1,0,0,0,0
GAMA,0,0,0,0,0
GH,1,0,0,0,0
GMNG,0,0,0,0,0
GAME,1,0,0,0,0
GAND,0,0,0,0,0
GET,0,0,0,0,0
GSI,0,0,0,0,0
GGI,1,0,0,0,0
GATO,0,0,3,0,0
GDI,3,1,2,0,0
GBLT,0,0,0,0,0
GXE,1,0,3,0,0
GMR,0,0,0,0,0
GKO,0,0,0,0,0
GLAB,0,0,0,0,0
GCA.X,0,0,0,0,0
GA,0,0,0,0,0
GGLD,0,0,0,0,0
GENM,2,0,0,0,0
AICO,0,0,0,0,0
GGC,0,0,0,0,0
GDC,1,0,0,0,0
GENI,0,0,0,0,0
GENX,0,0,0,0,0
GEO,3,1,0,0,0
GSP,1,0,0,0,0
WN,4,0,4,0,0
GMA,1,0,0,0,0
WN.PRE,4,0,4,0,0
WN.PRC,4,0,4,0,0
WN.PRA,4,0,4,0,0
WN.PRD,4,0,4,0,0
GTCH,1,0,0,0,0
GTC,0,0,0,0,0
GFG,1,0,0,0,0
GGL,0,0,0,0,0
GFL,11,1,0,0,1
GGX,0,0,0,0,0
GEI,5,0,7,0,2
GIL,9,1,1,0,0
GIGA,1,0,0,0,0
GIT,0,0,0,0,0
GIVX,1,0,0,0,0
EMM,1,1,0,0,0
GVC,0,0,1,0,0
NIKL,0,0,0,0,0
GLAD,0,0,0,0,0
GLG,0,0,1,0,0
GER,0,0,0,0,0
GLO,2,1,0,0,0
GDV.PRA,0,0,0,0,0
GBML,0,0,0,0,0
APP,0,0,0,0,0
GEC,1,0,0,0,0
GEMC,1,0,0,0,0
PEAS,0,0,0,0,0
GHG,0,0,0,0,0
HECO,0,0,0,0,0
MJRX,0,0,0,0,0
LION,0,0,0,0,0
GWS,0,0,0,0,0
UAV,0,0,0,0,0
BLOK,0,0,0,0,0
GLOW,0,0,0,0,0
GMX,0,0,0,0,0
GMV,1,0,0,0,0
GOAT,0,0,0,0,0
GOCO,0,0,0,0,0
GSY,7,2,1,0,0
GG,1,0,0,0,0
GGD,5,0,0,0,0
GXX,0,0,0,0,0
GBRC,0,0,0,1,0
GLDL,0,0,0,0,0
GL,0,0,0,0,0
GMTN,0,0,0,0,0
GPO,0,0,0,0,0
GRC,1,0,0,0,0
GRZ,0,0,1,0,0
YGT,1,0,0,0,0
AUU,0,0,0,0,0
GRG,1,0,0,0,0
GCN,0,0,0,0,0
GCC,0,0,0,0,0
IGLD,0,0,0,0,0
GNG,0,0,0,0,0
GLM,0,0,0,0,0
GDP,0,0,0,0,0
AUMN,3,0,0,0,0
GLDN,0,0,0,0,0
AUEN,0,0,0,0,0
GLDS,0,0,0,0,0
GOG,0,0,0,0,0
GDX,0,0,0,0,0
GOFL,0,0,0,0,0
GGA,1,0,0,0,0
GOLD,4,0,0,0,0
GOH,0,0,0,0,0
XAU,1,0,0,0,0
GLD,0,0,0,0,0
FUTR,0,0,0,0,0
GQC,0,0,0,0,1
GOR,1,0,0,0,0
GSK,0,0,0,0,0
GSHR,1,0,0,0,0
GXS,1,0,0,0,0
GDM,0,0,0,0,0
GSTM,0,0,0,0,0
GFCO,0,0,0,0,0
GOOD,0,0,0,0,0
GOT,0,0,0,0,0
GDNP,2,0,1,0,0
MUSH,0,0,0,0,0
FOOD,0,0,3,0,0
GDNS,0,0,1,0,0
GR,0,0,0,0,0
GQ,0,0,0,0,0
GWO.PRI,1,0,9,1,0
GWO,1,0,9,1,0
GWO.PRY,1,0,9,1,0
GWO.PRQ,1,0,9,1,0
GWO.PRR,1,0,9,1,0
GWO.PRT,1,0,9,1,0
GWO.PRG,1,0,9,1,0
GWO.PRP,1,0,9,1,0
GWO.PRS,1,0,9,1,0
GWO.PRL,1,0,9,1,0
GWO.PRM,1,0,9,1,0
GWO.PRN,1,0,9,1,0
GWO.PRH,1,0,9,1,0
GEM,1,0,0,0,0
GIP,3,1,0,0,0
GRF,0,0,0,0,0
GCOM,0,0,1,0,0
CCR,0,0,0,0,0
GTII,16,1,1,0,0
GRB,0,0,0,0,0
GBC,0,0,0,0,0
VGN,0,0,0,0,0
GFP,0,0,1,0,0
GRHK,0,0,1,0,0
GRN,1,0,8,0,0
GPV,5,0,0,0,0
GWAY,0,0,0,0,0
XCX,1,0,0,0,0
CELL,0,0,0,0,0
GRDM,1,0,0,0,0
GZD,0,0,0,0,0
GVR,0,0,0,0,0
SHOE,0,0,0,0,0
GRD,1,0,0,0,0
ZNG,0,0,0,0,0
GSPR,0,0,0,0,0
GRIN,1,0,0,0,0
GSVR,4,0,0,0,0
GCG,3,0,0,0,0
GCG.A,3,0,0,0,0
GUF,0,0,0,0,0
GUMY,0,0,0,0,0
GUG,0,0,0,0,0
GUN,1,0,0,0,0
GURU,1,0,2,0,0
HR.UT,2,0,3,0,0
HEO,6,1,0,0,0
HAI,1,0,1,0,0
HMT,0,0,0,0,0
HTL,6,1,0,0,0
HHRS,0,0,0,0,0
HPS.A,3,0,0,0,0
HFC,0,0,0,0,0
HMM.A,0,0,0,0,0
HANK,0,0,0,0,0
HCC,0,0,0,0,0
HAN,1,0,0,0,0
HANS,0,0,0,0,0
HAPB,0,0,0,0,0
HBFG,0,0,0,0,0
HPY,0,0,0,0,0
HAR,0,0,0,0,0
HARY,0,0,0,0,0
REZN,0,0,0,0,0
HVG,1,0,0,0,0
HAVN,0,0,0,0,0
HAWK,0,0,0,0,0
HWX,7,1,1,0,0
HWG,0,0,0,0,0
HSTR,1,0,0,0,0
HX,0,0,0,0,0
HEVI,1,0,0,0,0
HME,2,0,0,0,0
HBP,1,0,0,0,0
HMLO,0,0,0,0,0
HEM,1,0,0,0,0
HMPG,0,0,0,0,0
BIG,0,0,0,0,0
HERB,0,0,0,0,0
CANN,1,0,0,0,0
HRX,4,1,1,0,0
HEXO,0,0,4,0,0
HWO,0,0,1,0,0
HLF,0,1,1,0,0
HBK,0,0,0,0,0
HCM.H,1,0,0,0,0
HIGH,1,1,0,0,0
HI,0,1,0,0,0
HSLV,0,0,0,0,0
HWY,0,0,0,0,0
HAM,0,1,0,0,0
HILL,0,0,0,0,0
HEAT,1,0,0,0,0
ESPN,0,0,0,0,0
HIVE.WT,3,0,0,0,0
HIVE,3,0,0,0,0
HCG,0,0,3,1,1
HLS,4,0,1,0,0
HMR,0,0,0,0,0
TUF,0,0,0,0,0
HPL.H,0,0,0,0,0
HCH,1,1,0,0,0
HZM,3,1,0,0,0
HCH.WT,1,1,0,0,0
HS,1,0,0,0,0
HPQ,0,0,0,0,0
HBM,10,2,3,0,0
HMBL,0,0,0,0,0
HUD,0,0,1,0,0
HOC,0,0,0,0,0
HUT,1,0,2,0,0
HMAN,0,0,0,0,0
NURS,0,0,0,0,0
HUT.WTA,1,0,2,0,0
H,3,0,9,1,0
HG,0,0,0,0,0
ITE,2,0,0,0,0
IAG,8,1,0,0,0
IMG,3,1,6,0,2
IAU,7,1,0,0,0
IAN,0,0,0,0,1
IBT,0,0,0,0,0
IB,0,0,1,0,0
ICM,0,0,0,0,0
ITKO,1,0,0,0,0
ID,0,0,0,0,0
IFA,0,0,0,0,0
IGN,0,0,0,0,0
IGM,4,0,4,0,1
IMCC,1,0,1,0,0
IFX,1,0,0,0,0
IME,0,0,0,0,0
ILI,0,0,0,0,0
IMR,0,0,0,0,0
IP,0,0,0,0,0
IEI,0,0,0,0,0
IPT,1,0,0,0,0
IGP,0,0,0,0,0
IPG,0,0,0,0,0
III,1,0,0,0,0
IMO,6,0,11,0,1
INCA,1,0,0,0,0
IBH,0,0,0,0,0
IGO,0,1,0,0,0
IDG,0,1,0,0,0
IXI,0,0,0,0,0
NDVA,0,0,1,0,0
IAF.PRB,8,1,0,0,0
INEO,1,0,0,0,0
INFD,0,0,0,0,0
IAI,1,0,0,0,0
INFI,0,0,0,0,0
GEMS,1,0,0,0,0
AUCU,0,0,0,0,0
INE,6,2,3,0,1
ISV,1,1,3,0,0
INE.PRC,6,2,3,0,1
INE.PRA,6,2,3,0,1
INNO,0,0,0,0,0
IOT,0,0,0,0,0
MINE,0,0,0,0,0
IPO,6,0,0,0,0
INO.UT,1,0,2,0,0
INSP,0,0,0,0,0
ISGI,0,0,0,0,0
IFC,8,3,2,1,0
IFC.PRE,8,3,2,1,0
IFC.PRF,8,3,2,1,0
IFC.PRK,8,3,2,1,0
IFC.PRI,8,3,2,1,0
IFC.PRG,8,3,2,1,0
IFC.PRA,8,3,2,1,0
IFC.PRC,8,3,2,1,0
ITR,4,2,0,0,0
IGX,1,0,0,0,0
IFP,6,0,0,0,0
IMP,1,0,0,0,0
IBAT,0,0,0,0,0
ICON,1,0,0,0,0
ILC,0,0,0,0,0
IMM,0,0,0,0,0
IZZ,0,0,0,0,0
IPCO,9,0,2,0,0
ITH,1,0,0,0,0
IZ,0,0,0,0,0
IMCX,0,0,0,0,0
IIP.UT,9,0,2,0,1
IRO,0,0,0,0,0
INX,1,0,0,0,0
INTR,0,0,0,0,0
IVX,0,0,0,0,1
IVS,0,0,0,0,0
IVQ,1,0,1,0,0
IZN,0,0,0,0,0
ION,1,0,0,0,0
IOU,0,0,0,0,0
IRV,0,0,0,0,0
ISD,1,0,0,0,0
ISO,5,1,0,0,0
IFOS,1,0,0,0,0
IE,3,1,0,0,0
IVN,8,2,0,0,0
IZO,0,0,0,0,0
JNH,0,0,0,0,0
JJ,1,0,0,0,0
JADE,1,0,0,0,0
JPWR.H,1,0,0,0,0
JAEG.H,0,0,0,0,0
JBR,0,0,0,0,0
JWEL,7,0,2,0,0
JAG,2,0,1,0,0
JG,1,0,0,0,0
JAX,0,0,0,0,0
JEV,0,0,0,0,0
JDN,0,0,0,0,0
JRV,2,0,2,0,0
JKS,0,0,0,0,0
JCI.H,0,0,0,0,0
JSDA,0,0,1,0,0
JOR,0,0,0,0,0
JOY,2,0,1,0,0
JUGR,0,0,0,0,0
JUSH,4,0,2,0,0
JK,1,0,0,0,0
VTAL,0,0,0,0,0
JUVA,0,0,0,0,0
JZR,0,0,0,0,0
KTO,1,0,0,0,0
KNC,1,0,0,0,0
KNT,11,1,1,0,0
KRL,0,0,0,0,0
KDSX,0,0,0,0,0
KZD,1,0,0,0,0
KNE,0,0,0,0,0
KALO,0,0,0,0,0
KAPA,0,0,0,0,0
KRR,5,1,1,0,0
KRN,0,0,1,0,0
FUND,0,0,0,0,0
KYS.H,0,0,0,0,0
KDA,0,0,0,0,0
KBL,4,2,1,0,0
KLS,1,0,0,0,0
KLD,0,0,0,0,0
KEL,11,1,1,0,0
KES,1,0,0,0,0
KGC,0,0,0,0,0
KLM,0,0,0,0,0
KEY,8,0,7,0,0
KO,1,0,0,0,0
KGL.H,1,0,0,0,0
KMP.UT,9,2,3,0,0
KXS,11,0,0,0,0
KIDZ,2,0,0,0,0
KCC,1,0,0,0,0
KING,0,0,0,0,0
KFR,0,0,0,0,0
KGS,1,0,0,0,0
KNG,0,0,0,0,0
KVM,1,0,0,0,0
K,9,0,8,1,0
KTR,0,0,0,0,0
KIP,0,0,0,0,0
KITS,3,0,0,0,0
KEC,6,0,0,0,0
KLX,0,0,0,0,0
KG,1,0,0,0,0
KS,0,0,0,0,0
KMC.H,0,0,0,0,0
KSI,4,2,0,0,0
GUD,4,0,3,0,0
KDK,0,1,0,0,0
KRI,0,0,0,0,0
FIT,0,0,0,0,0
KEI,0,0,1,0,0
YUM,0,0,0,0,0
KTN,1,0,0,0,0
KORE,1,0,0,0,0
UUSA,0,0,0,0,0
KWE,1,0,0,0,0
LAB,1,0,0,0,0
LIF,1,0,5,0,0
LGO,4,0,2,0,0
VAND,0,0,0,0,0
LAS.A,0,0,1,0,0
LMS,1,0,0,0,0
LB,2,0,8,1,1
LB.PRH,2,0,8,1,1
LGC,0,0,0,0,0
LEM,0,0,0,0,0
READ,0,0,0,0,0
LILI,0,0,0,0,0
SCAN,1,0,0,0,0
LFST,1,0,0,0,0
LIFT,1,0,0,0,0
LSD.H,0,0,0,0,0
LSPD,10,3,8,0,1
LIM,1,0,0,0,0
LNR,4,1,0,0,0
LMG,0,0,0,0,0
LX.H,0,0,0,0,0
LEO,0,0,1,0,0
LEV,7,0,5,0,1
LEV.WT,7,0,5,0,1
LEV.WTA,7,0,5,0,1
LIO,2,0,0,0,0
LBI,0,0,0,0,0
LIO.WT,2,0,0,0,0
ROAR,0,0,0,0,0
LEXI,0,0,0,0,0
LITH,1,0,0,0,0
LAC,12,1,0,0,0
LTH,2,0,0,0,0
LONE,0,0,0,0,0
LIS,0,0,0,0,0
LBNK,1,0,0,0,0
L,5,0,3,2,0
LIVE,0,0,0,0,0
LOBE,1,0,0,0,0
L.PRB,5,0,3,2,0
LSTR,1,0,0,0,0
LGT.B,0,0,1,0,0
LGT.A,0,0,1,0,0
LMR,1,0,0,0,0
LN,1,0,0,0,0
LPEN,0,0,3,0,0
LRDS,0,0,0,0,0
LPC,0,0,0,0,0
LA,2,0,0,0,0
J,0,0,0,0,0
JOLT,0,0,0,0,0
LOWL,1,0,1,0,0
LRC.H,0,0,1,0,0
LQWD,0,0,0,0,0
LSL,0,0,0,0,0
LUCA,1,0,0,0,0
LUC,0,0,1,0,0
LOU,6,2,3,0,0
LKY,0,0,0,0,0
LMN,0,0,0,0,0
LUM,2,1,0,0,0
LR,2,0,0,0,0
LUG,8,0,2,0,0
LPK,1,0,0,0,0
LUN,7,1,13,0,0
LXR,0,0,1,0,0
LUXX,1,0,0,0,0
LCX,2,0,0,0,0
XMF.PRB,0,0,0,0,0
XMF.PRC,0,0,0,0,0
BMK,0,0,0,0,0
MMS,1,0,0,0,0
MKZ.UT,0,0,0,0,0
GREN,0,0,0,0,0
MPC.C,0,0,0,0,0
MPC,0,0,0,0,0
MDM,1,0,0,0,0
MAL,2,0,0,0,0
MAG,7,2,1,0,0
MTU,0,0,0,0,0
MANN,0,0,0,0,0
MNTR,0,0,0,0,0
MFC.PRF,2,4,9,1,1
MFC.PRC,2,4,9,1,1
MFC,2,4,9,1,1
MFC.PRB,2,4,9,1,1
MFC.PRQ,2,4,9,1,1
MFC.PRK,2,4,9,1,1
MFC.PRM,2,4,9,1,1
MFC.PRP,2,4,9,1,1
MFC.PRI,2,4,9,1,1
MFC.PRL,2,4,9,1,1
MFC.PRJ,2,4,9,1,1
MFC.PRN,2,4,9,1,1
MBI.H,0,0,0,0,0
MFI,5,0,1,0,0
MGM,1,0,0,0,0
MOZ,6,0,2,0,0
MGW,0,0,0,0,0
MRBL,1,0,0,0,0
MARI,3,1,0,0,0
MRMD,1,0,0,0,0
DIA,0,0,0,0,0
MAH,0,0,0,0,0
MAE,1,0,0,0,0
MTLO,0,0,1,0,0
MRVL,0,0,0,0,0
MRE,5,2,1,0,0
MARV,0,0,0,0,0
MAV,0,0,1,0,0
LLG,1,0,0,0,0
MJ,0,0,0,0,0
MAW,1,0,0,0,0
MCLD,1,0,1,0,0
MCL,0,0,0,0,0
MDA,2,0,3,0,0
MCX,0,0,0,0,0
MDF,1,0,4,0,0
MDL,0,0,0,0,0
MEDA,0,0,0,0,0
DR,0,0,3,0,0
MVP,2,1,0,0,0
MDP,4,1,2,0,0
MPH,0,0,1,0,0
MDNA,2,0,0,0,0
LABS,0,0,2,0,0
MMEN,0,0,1,0,0
MIR,0,0,0,0,1
MNOW,0,0,0,0,0
MDX,1,0,0,0,0
MEG,7,0,6,0,0
MGA,0,0,1,0,0
MEGA,0,0,0,0,0
MRD,0,0,1,0,0
MR.UT,0,0,2,0,0
MKR,1,0,0,0,0
OEE,1,0,0,0,0
MENE,0,0,0,0,0
MNO,2,1,0,0,0
MYR,0,0,0,0,0
MERG,0,0,0,0,0
MTX,0,0,0,0,0
MTA,3,0,1,0,0
MMG,0,0,0,0,0
MM,0,0,0,0,0
MTS,0,0,0,0,0
MET,0,0,0,0,0
MQM,1,0,0,0,0
MEK,0,0,0,0,0
MMAX,0,1,0,0,0
MWRK,0,0,0,0,0
MX,5,1,5,0,1
MRU,1,0,7,2,0
MEX,1,0,0,0,0
MBX,1,0,0,0,0
MD,1,0,0,0,0
MRM,0,0,0,0,0
MMA,0,0,0,0,0
MLP,1,0,0,0,0
MSC,0,0,0,0,0
MIM,0,0,0,0,0
MSP,0,0,0,0,0
MGG,0,0,0,0,0
MMM,1,0,0,0,0
MSV,0,0,0,0,1
MSET,2,0,0,0,0
MAI,2,1,0,0,0
MHUB,1,0,0,0,0
MIRL,0,0,0,0,0
MMV,0,0,0,0,0
MSA,1,0,1,0,0
MVAI,0,0,0,0,0
MNLX,0,0,0,0,0
MINK,0,0,0,0,0
MCI,0,0,0,0,0
MSR,0,0,0,0,0
MI.UT,8,2,2,0,0
MRZ,1,0,0,0,0
MRS,1,0,0,0,0
MIS,1,0,0,0,0
MKA,1,0,0,0,0
MOS,0,0,0,0,0
MBLM,0,0,0,0,0
MEAT,0,0,0,0,0
MOJO,0,0,0,0,0
MOGO,2,1,0,0,0
MLCL,0,0,0,0,0
TPX.B,0,0,0,0,0
MOLT,0,0,0,0,0
MMN,1,0,0,0,0
GBAR,0,0,1,0,0
ME,5,0,0,0,0
YAK,1,0,0,0,0
MAU,2,1,0,0,0
MON,0,0,0,0,0
MONT,0,0,0,0,0
MNRL,0,0,0,0,0
MVY,1,0,0,0,0
MRT.UT,0,0,3,0,0
MOX,1,0,0,0,0
MONT,0,0,0,0,0
MMY,1,0,0,0,0
MNRL,0,0,0,0,0
MVY,1,0,0,0,0
MRC,0,0,1,0,0
MRG.UT,4,0,0,0,0
MRT.UT,0,0,3,0,0
MOX,1,0,0,0,0
MPVD,1,0,0,0,0
MVMD,1,0,0,0,0
MTB,1,0,0,0,0
MPXI,0,0,0,0,0
MTY,2,0,5,0,0
MTL,3,1,5,0,0
MUN,1,0,0,0,0
MUR,0,0,0,0,0
MUSK,0,0,0,0,0
MGRO,0,0,1,0,0
MXL.H,0,0,0,0,0
MYND,0,0,0,0,0
M,0,0,0,0,0
MEAL,0,0,0,0,0
URL,0,0,0,0,0
NMI,1,0,0,0,0
CTZ,0,0,0,0,0
NSCI,1,0,0,0,0
NSHS,0,0,0,0,0
NANO,2,0,0,0,0
GRA,5,2,0,0,0
NA,5,2,6,0,1
NA.PRS,5,2,6,0,1
NA.PRW,5,2,6,0,1
NA.PRE,5,2,6,0,1
NA.PRC,5,2,6,0,1
NA.PRG,5,2,6,0,1
NSP,0,0,0,0,0
NAV,0,0,0,0,0
NDAT,0,0,0,0,0
NBM,0,0,0,0,0
NBLY,4,1,3,0,0
NEO,2,2,1,0,0
NPRA,0,0,0,0,0
NDA,1,0,0,0,0
NGEN,1,0,0,0,0
NERD,0,0,0,0,0
AIAI,0,0,0,0,0
NTE,0,0,0,0,0
NPTH,1,0,0,0,0
NU,0,0,0,0,0
NCU,0,0,1,0,0
NGE,0,0,0,0,0
NKG,1,0,0,0,0
NVLH,0,0,0,0,0
NEV,0,0,0,0,0
NZN,1,0,0,0,0
VDO.H,0,0,0,0,0
NAU,0,0,0,0,0
NAM,1,0,0,0,0
NED,0,0,0,0,0
NFG,3,0,0,0,0
ENRG,0,0,0,0,0
VFI.X,0,0,0,0,0
NGD,4,0,5,1,1
NLV,0,0,0,0,0
NUAG,3,0,0,0,0
NSE,0,0,0,0,0
NZ,1,0,0,0,0
SPOR,0,0,0,0,0
NCAU,2,1,0,0,0
NCM,0,3,10,1,0
NEWD,0,0,0,0,0
LUX,0,0,0,0,0
NGT,10,1,9,1,1
NEWO,0,0,0,0,0
NWX,0,0,0,0,0
PATH,0,0,0,0,0
NEWU,0,0,1,0,0
NEXE,1,0,0,0,0
NGY,0,0,0,0,0
NXE,9,2,0,0,0
NXLV,2,1,0,0,0
NXO,0,0,0,0,0
NTAR,2,0,0,0,0
NEXT,0,1,0,0,0
NXS,0,0,0,0,0
OILS,0,0,0,0,0
NFI,2,0,1,0,1
NXR.UT,7,0,3,0,0
GASX,2,0,0,0,0
NGEX,2,1,0,0,0
NCP,1,0,0,0,0
NKL,1,0,0,0,0
NNX,0,0,0,0,0
NIM,0,0,0,0,0
NHK,4,0,0,0,0
NHK.WT,4,0,0,0,0
NINE,0,0,0,0,0
NIO,0,0,0,0,0
NBY,0,0,0,0,0
NB,1,0,0,0,0
NOAL,0,0,0,0,0
NIR.H,0,0,0,0,0
NBLC,0,0,0,0,0
NMG.H,0,0,0,0,0
NOB,0,0,0,0,0
NOCR,0,0,0,0,0
NRM,1,0,0,0,0
VKG.H,0,0,0,0,0
NOC,0,0,0,0,0
NOM,0,0,0,0,0
NVT,0,0,0,0,0
NOA,5,1,2,0,0
FFN.PRA,0,0,0,0,0
NAR,0,1,0,0,0
NPR,0,0,0,0,0
NWC,0,0,3,0,0
NCF,1,0,0,0,0
NDM,2,0,0,0,0
NGC,1,0,0,0,0
NLR,0,0,0,0,0
NRN,0,0,0,0,0
SUP,1,0,0,0,0
NL,0,0,0,0,0
UNO.H,0,0,0,0,0
NCX,2,0,0,0,0
NPI,11,3,1,0,0
NPI.PRA,11,3,1,0,0
NPI.PRB,11,3,1,0,0
ROOF,0,0,0,0,0
NSG,0,0,0,0,0
NWST,2,1,0,0,0
NWH.UT,3,1,3,0,0
NOU,4,1,0,0,0
NOVC,2,0,0,0,0
NLH,1,0,0,0,0
NVLI,0,0,0,0,0
NOVA,0,0,0,0,0
NG,2,0,1,0,0
NOVR,2,0,0,0,0
NVO,0,0,1,0,0
NOW,2,0,0,0,0
NVI,1,0,0,0,0
NOW.WTA,2,0,0,0,0
NBVA,1,0,0,0,0
NCI,0,0,0,0,0
NBR,0,0,0,0,1
NWI,0,0,0,0,0
NUG,1,0,0,0,0
NGMD,0,0,0,0,0
NUMI,1,0,0,0,0
NRX,0,0,0,0,0
NUR,0,0,0,0,0
NTR,12,2,10,0,1
NVEI,13,1,1,0,0
NVA,5,2,5,0,0
NVX,1,0,0,0,0
SFD,1,0,0,0,0
OIII,6,1,0,0,0
OBE,2,1,2,0,0
OBRN,0,0,0,0,0
OGC,6,2,1,0,0
FEO,0,0,1,0,0
NKW.H,0,0,1,0,0
OTC,0,0,0,0,0
OVT,1,0,0,0,0
ODD,0,0,0,0,0
OC,0,0,0,0,0
OVL.H,0,0,0,0,0
OLY,1,0,0,0,0
OMG,1,0,0,0,0
OMM,1,0,0,0,0
OML,1,0,0,0,0
ONC,7,0,0,0,0
OEG.H,0,0,0,0,0
OWLI,0,0,0,0,0
OSS,0,0,1,0,0
ONEX,3,0,2,0,0
OOOO,0,0,0,0,0
OPW,1,0,0,0,0
OTEX,6,1,4,0,0
OPHR,0,0,0,0,0
OPS,4,1,0,0,0
OPTI,0,0,0,0,0
OPV,0,0,0,0,0
OPT,0,0,2,0,0
OOR,0,0,0,0,0
OEC.H,0,0,0,0,0
OGD,1,0,0,0,0
ORC.B,2,0,0,0,0
OREA,1,0,0,0,0
ORS,0,0,0,0,0
OCI,0,0,0,0,0
REX,1,0,0,0,0
ORE,5,1,0,0,0
ORM,0,0,0,0,0
OPC,0,0,0,0,0
OGI,4,1,5,0,0
OGO,2,0,0,0,0
ORGN,0,0,0,0,0
OLA,5,0,1,0,0
OCO,0,0,0,0,0
OGN,1,0,0,0,0
ONV.H,0,0,0,0,0
ORV,1,0,0,0,0
OMI,0,0,0,0,0
OSI,6,1,0,0,0
ODV.WTA,5,0,1,0,0
ODV,5,0,1,0,0
ODV.WT,5,0,1,0,0
ODV.WTB,5,0,1,0,0
OR,9,2,1,0,0
COO,0,0,0,0,0
OM,2,0,0,0,0
PEX,1,0,0,0,0
PPM,0,0,0,0,0
PAC,0,0,0,0,0
PALI,0,0,0,0,0
PDM,3,0,0,0,0
PM,0,0,0,0,0
PNRG,0,0,0,0,0
PAAS,8,0,0,0,0
PGZ,2,0,0,0,0
PNGA,0,0,0,0,0
PML,1,0,0,0,0
PNTR,0,0,0,0,0
POU,5,2,3,0,0
PKG,0,0,0,0,0
PXT,7,2,2,0,0
PAR.H,0,0,0,0,0
PLC,7,1,1,0,0
PKI,13,1,1,0,0
PKT,1,1,2,0,0
PVF.WT,0,0,0,0,0
PVS.PRF,0,0,0,0,0
PVS.PRG,0,0,0,0,0
PSE,1,0,0,0,0
VEIN,1,0,0,0,0
PSI,4,0,1,0,1
PGDC,0,0,1,0,0
RV,0,0,0,0,0
PHC,0,0,0,0,0
PMET,7,0,0,0,0
PGOL,0,0,0,0,0
PAY,4,1,0,0,0
HE.H,0,0,0,0,1
PRH,0,0,0,0,0
PEGA,1,0,0,0,0
PX,0,0,1,0,0
PPL,9,0,6,1,0
PMC,0,0,0,0,0
PPL.PRO,9,0,6,1,0
PPL.PRQ,9,0,6,1,0
PPL.PRS,9,0,6,1,0
PPL.PFE,9,0,6,1,0
PPL.PRA,9,0,6,1,0
PPL.PFA,9,0,6,1,0
PPL.PRG,9,0,6,1,0
PPL.PRI,9,0,6,1,0
PPL.PRC,9,0,6,1,0
PPL.PRE,9,0,6,1,0
PERK,0,0,0,0,0
PINK,3,0,1,0,0
OIL,2,0,0,0,0
PPTA,3,0,0,0,0
PMT,0,0,2,0,0
PRU,4,0,2,0,0
PRSN,0,0,0,0,0
PESO,0,0,0,0,0
PET,5,2,1,0,0
PTP.H,0,0,0,0,0
PFC,1,0,0,0,0
PCQ,0,0,0,0,0
TAL,3,0,0,0,0
VRY,0,0,1,0,0
PRQ,1,0,0,0,0
PEY,6,0,5,0,0
PHRX,0,0,0,0,0
PCLO,1,0,0,0,0
MDMA,0,0,0,0,0
PHNM,1,0,0,0,0
PHRM,1,0,0,0,0
PHX,3,0,1,0,0
PEA,1,0,0,0,0
PNE,5,0,1,0,0
PNP,1,0,0,0,0
PINE.UT,0,0,0,0,0
PIPE,3,2,1,0,0
PVT,3,1,0,0,0
PZA,0,0,1,0,0
PJX,0,0,0,0,0
NPT,0,0,0,0,1
PLTH,1,0,1,0,0
PBF,0,0,0,0,0
PXI,0,0,0,0,0
MILK,0,0,0,0,0
FUEL,0,0,0,0,0
MYLK,0,0,0,0,0
VEGA,0,0,0,0,0
PTX,0,0,1,0,0
PLA,0,0,0,0,0
PTM,2,0,1,0,0
PLY,0,0,0,0,0
PGC,0,0,0,0,0
DEAL,0,0,0,0,0
PLZ.UT,1,0,3,0,0
PLRB,1,1,0,0,0
PLUR,2,0,0,0,0
PRT,0,0,0,0,0
PIF,7,0,0,0,0
PTK,2,0,0,0,0
POND,1,0,0,0,0
POM,1,0,0,0,0
PBL,2,2,0,0,0
HULK,0,0,0,0,0
POR,0,0,0,0,0
POPR,3,0,0,0,0
PBIT,0,0,0,0,0
POW,1,1,8,0,0
POW.PRD,1,1,8,0,0
POW.PRB,1,1,8,0,0
POW.PRG,1,1,8,0,0
POW.PRA,1,1,8,0,0
PWF.PRT,0,0,1,0,0
POW.PRC,1,1,8,0,0
PWF.PRP,0,0,1,0,0
PWF.PRS,0,0,1,0,0
PWF.PFA,0,0,1,0,0
PWF.PRK,0,0,1,0,0
PWF.PRZ,0,0,1,0,0
PWF.PRL,0,0,1,0,0
PWF.PRF,0,0,1,0,0
PWF.PRR,0,0,1,0,0
PWF.PRH,0,0,1,0,0
PWF.PRE,0,0,1,0,0
PWF.PRG,0,0,1,0,0
PWF.PRQ,0,0,1,0,0
PWF.PRO,0,0,1,0,0
PGP,0,0,0,0,0
PWF.PRA,0,0,1,0,0
PWM,0,0,0,0,0
PNPN,0,0,0,0,0
PBX,0,0,1,0,0
POWR,0,0,0,0,0
PPX,0,0,0,0,0
PPR,0,0,1,0,0
PSK,6,1,7,0,0
PRG,0,0,0,0,0
PD,12,0,1,0,0
PMED,0,0,0,0,0
PBH,6,1,2,0,0
PIC.PRA,0,0,0,0,0
PNRL,1,0,0,0,0
PREV,0,0,0,0,0
PMZ.UT,7,1,0,0,0
PDV.PRA,0,0,0,0,0
PRME,0,0,0,0,0
PRMW,7,0,3,0,0
PRYM,4,0,0,0,0
PRS.H,0,0,0,0,0
PRIZ,0,0,0,0,0
PRV.UT,3,0,2,0,0
PMX,0,0,0,0,0
PGV,0,0,0,0,0
PRN,5,0,3,0,0
PRB,6,0,0,0,0
PMN,1,0,0,0,0
PRL,4,1,0,0,0
PFM,1,0,0,0,0
PLAN,0,0,0,0,0
PDFI,0,0,0,0,0
PPP,0,0,0,0,0
PRR,0,0,0,0,0
PEI,1,0,0,0,0
PGX,0,0,0,0,0
MAPS,0,0,0,0,0
PHD,0,0,0,0,0
PAU,0,0,0,0,0
PSYB,1,0,0,0,0
PSYC,0,0,0,0,0
PSYG,0,0,0,0,0
PDO,0,0,0,0,0
TORO,0,0,0,0,0
PUL,1,0,0,0,0
PUMA,0,0,0,0,0
PSD,0,0,1,0,0
UX,0,0,0,0,0
PTU,1,0,0,0,0
PE,1,0,0,0,0
PYR,0,0,1,0,0
PUSH,0,0,0,0,0
QMET,0,0,0,0,0
QFOR,2,1,3,0,0
QTWO,0,0,0,0,0
QCCU,1,1,0,0,0
QGR,0,0,0,0,0
QCX,0,0,0,0,0
QMC,0,0,0,0,0
QRO,0,0,0,0,0
TIM.X,0,0,0,0,0
QBAT,0,0,0,0,0
QNC,0,0,0,0,0
QTRH,2,1,1,0,0
QZM,0,0,0,0,0
QPM,1,0,0,0,0
QNI,0,0,0,0,0
QBR.A,7,1,4,0,0
QBR.B,7,1,4,0,0
QRC,0,0,0,0,0
QPT,0,0,0,0,0
QST,0,1,2,0,0
QEC,0,0,1,0,0
QCA,0,0,0,0,0
QIPT,8,1,0,0,0
QUIS,6,2,0,0,0
QIS,0,0,1,0,0
RRR.UT,0,0,0,0,0
RAK,0,0,0,0,0
RAMM,0,0,0,0,0
RBA,5,1,4,0,0
RE,0,0,0,0,0
REAX,2,0,0,0,0
RGG,0,0,0,0,0
REAL,3,1,4,0,0
LUCK,0,0,0,0,0
RR,0,0,0,0,0
RECO,0,0,1,0,0
RECO.WTA,0,0,1,0,0
AMY,1,0,0,0,0
RGLD,0,0,0,0,0
TRIP.WT,0,0,1,0,0
TRIP,0,0,1,0,0
TRIP.WTA,0,0,1,0,0
RPX,1,0,0,0,0
RWB,1,0,0,0,0
KUT,3,1,0,0,0
RMC,0,0,0,0,0
RFLX,0,0,0,0,0
GIII,1,0,0,0,0
RSMX,0,0,0,0,0
RGX,0,0,0,0,0
REG,1,0,0,0,0
RET.A,0,0,1,0,0
RET,0,0,1,0,0
MYID,0,0,0,0,0
REKO,0,1,0,0,0
RHT,1,0,0,0,0
RFR,1,0,0,0,0
RP,1,0,0,0,0
RW,0,0,0,0,0
RSS,1,0,0,0,0
QSR,13,1,14,1,0
RAU,0,0,0,0,0
QSP.UT,0,0,0,0,0
RGD,7,0,0,0,0
RVX,1,0,0,0,0
REUN,4,0,1,0,0
RVV,1,0,0,0,0
RVG,1,0,0,0,0
REVO,0,0,0,0,0
REVV,0,0,0,0,0
RSLV,0,0,0,0,0
REYG,0,0,0,0,0
RCG,1,1,0,0,0
RYE,0,0,0,0,0
RCG.PRB,1,1,0,0,0
RCH,2,0,0,0,0
RMD,0,0,0,0,0
RDG,0,0,0,0,0
RMI,0,0,0,0,0
LITT,0,0,0,0,0
RLYG,0,0,0,0,0
RIO,0,0,1,0,0
RYO,0,0,0,0,0
REI.UT,8,0,0,0,0
RISE,1,0,0,0,0
RIV,1,0,0,0,0
RVLY,1,0,0,0,0
RRI,0,0,0,0,0
RIWI,0,0,0,0,0
RJX.A,0,0,0,0,0
RBX,0,0,0,0,0
RCT,0,0,1,0,0
RCK,2,0,1,0,0
RCK.WT,2,0,1,0,0
RCLF,1,0,0,0,0
RK,0,0,0,0,0
RXM,0,0,0,0,0
RUM,0,0,0,0,0
RCI.A,9,3,3,2,0
ROCK,0,0,0,0,0
RCI.B,9,3,3,2,0
RRS,1,0,0,0,0
RSI,0,0,5,0,0
RG,0,0,0,0,0
ROI,1,0,0,0,0
RY.PRM,7,1,7,0,1
RY.PRS,7,1,7,0,1
RYR,1,0,0,0,0
ROMJ,1,1,0,0,0
RML,1,0,0,0,0
RUS,1,1,3,0,0
SBN.PRA,0,0,0,0,0
SBIO,4,0,0,0,0
STWO,0,0,0,0,0
SAE,0,0,0,0,0
SGLD,1,0,0,0,0
SFC,2,0,0,0,0
FISH,0,0,0,0,0
SRL,0,0,0,0,0
SGMD,1,0,0,0,0
SME,0,0,0,0,0
SLG,0,0,0,0,0
SFR,0,0,0,0,0
STA,0,0,0,0,0
SSL,8,2,0,0,0
STC,7,1,0,0,0
SAP,6,1,1,0,1
SANU,0,0,0,0,0
SWA,1,0,0,0,0
SASY,0,0,0,0,0
SATO,1,0,0,0,0
MSCL,1,0,0,0,0
SOIL,5,0,0,0,0
SOIL.WTB,5,0,0,0,0
SIS,6,2,0,0,0
SRE,0,0,0,0,0
SBD,0,0,0,0,0
SCY,1,0,0,0,0
SCPE,0,0,0,0,0
SCOT,1,0,0,0,0
SGN,1,0,0,0,0
SCV,0,0,0,0,0
SCTM,0,0,0,0,0
SCYB,1,0,0,0,0
SEA,4,0,0,0,0
SEAG,0,0,0,0,0
SMY,1,0,0,0,0
SES,6,2,3,0,0
SCLT,0,0,0,0,0
SKUR,1,0,0,0,0
SGZ,0,0,0,0,0
SNS,0,0,0,0,0
SEC,0,0,0,0,0
SENS,0,0,0,0,0
SNM,0,0,1,0,0
SVA,4,0,0,0,0
SC.H,0,1,0,0,0
SHRC,0,0,0,0,0
SCL,5,1,2,0,0
S,2,0,1,0,0
SMR.H,0,0,0,0,0
SHP,0,0,0,0,0
SHOP,16,3,29,0,1
SIA,3,0,3,0,0
SIE,0,0,0,0,0
SMT,0,0,1,0,0
SGNL,2,0,0,0,0
SGML,6,1,1,0,0
SGU,1,0,0,0,0
SVB,0,0,1,0,0
SILO,0,0,0,0,0
SLV,1,0,0,0,0
ELEF,1,0,0,0,0
SBMI,1,0,0,0,0
AGMR,3,0,0,0,0
HAMR,0,0,0,0,0
SVG,0,0,0,0,0
AGMR.WT,3,0,0,0,0
AGMR.WTA,3,0,0,0,0
SVE,0,0,0,0,0
SNG,0,0,0,0,0
SSE,0,0,0,0,0
SAND,0,0,0,0,0
SLVR,6,0,0,0,0
VIPR,1,0,0,0,0
SILV,1,0,0,0,0
SWLF,0,0,0,0,0
AGX,2,0,0,0,0
SIL,5,2,0,0,0
SVM,5,1,0,0,0
SF,0,0,0,0,0
SBBC,1,0,0,0,0
SEI,0,0,1,0,0
SEI.WT,0,0,1,0,0
SOI,1,0,0,0,0
SBM,1,0,0,0,0
SIG,0,0,0,0,0
SIXW,1,0,0,0,0
SXTY,0,0,0,0,0
SIX,0,0,0,0,0
SKE,7,0,0,0,0
SKRR,0,0,0,0,0
SKYG,0,0,0,0,0
SYH,1,0,0,0,0
SXL,0,0,0,0,0
SLNG,1,0,0,0,0
SGR.UT,2,1,3,0,0
SOT.UT,0,0,8,0,0
SLZ,0,0,0,0,0
ZZZ,4,0,2,0,0
DMT,3,0,0,0,0
SRU.UT,2,0,5,1,0
SMRV,0,0,0,0,0
SPN,1,0,0,0,0
SNC,7,1,3,0,0
SFTC,3,1,5,0,0
SOL,0,0,0,0,0
SIC,1,0,0,0,0
SOLR,1,0,0,0,0
SLS,7,0,0,0,0
SUNN,0,0,0,0,0
SVS,0,0,0,0,0
SLMN,0,0,0,0,0
SOLG,1,0,0,0,0
SLR,1,0,0,0,0
SGC,0,0,0,0,0
SFI,0,0,0,0,0
SOMA,1,0,0,0,0
SONA,0,0,0,0,0
SHLE,2,0,0,0,0
SPFY,0,0,0,0,0
SML,1,0,0,0,0
SPG,1,0,0,0,0
EMIN,0,0,0,0,0
SNA,1,0,0,0,0
DIAM,1,0,0,0,0
STRR,0,0,0,0,0
SAM,1,0,0,0,0
STE,0,0,0,0,0
STX,0,0,0,0,0
STHZ,1,0,0,0,0
STER,0,0,0,0,0
STLC,1,1,6,0,0
SJ,6,0,1,0,0
SPX,0,0,0,0,0
STH,0,0,0,0,0
STEM,0,0,1,0,0
STEP,6,0,1,0,0
STGO,1,0,1,0,0
SAG,0,0,0,0,0
PGE,0,0,0,0,0
SX,0,0,0,0,0
STNG,0,0,0,0,0
RAY.A,5,0,0,0,0
RAY.B,5,0,0,0,0
SVI,5,2,0,0,0
PUMP,0,0,0,0,0
STRM,0,0,0,0,0
ST,0,0,0,0,0
SB,0,0,0,0,0
SMD,1,0,0,0,0
SR,0,0,0,0,0
SRA,0,0,0,0,0
SUU,1,0,0,0,0
SKP,0,0,0,0,0
SDR,0,0,0,0,0
STU,0,0,0,0,0
SMC,0,0,1,0,0
STUV,0,0,0,0,0
SSVR,1,0,0,0,0
SLF.PRG,8,2,6,1,0
SLF,8,2,6,1,0
SLF.PRH,8,2,6,1,0
SLF.PRD,8,2,6,1,0
SLF.PRC,8,2,6,1,0
SLF.PRE,0,0,0,0,0
SLF.PRJ,8,2,6,1,0
SLF.PRK,8,2,6,1,0
PEAK,0,1,0,0,0
SMN,0,0,0,0,0
SU,11,0,8,0,0
SOY,6,0,0,0,0
SAI.H,0,0,0,0,0
SGI,1,0,0,0,3
SPB,6,2,2,0,0
SUI,0,0,0,0,0
NILI,0,0,0,0,0
SXP,2,1,0,0,0
SURG,0,1,0,0,0
SGY,7,1,1,0,0
SWRM,0,0,0,0,0
SE,0,0,0,0,0
SWP,1,0,0,0,0
SYG,0,0,0,0,0
SYZ,1,1,1,0,0
SXI,0,0,0,0,0
TWO,0,0,0,0,0
RARE,0,0,0,0,0
TAAT,1,0,0,0,0
TAO,1,0,0,0,0
TBL,0,1,0,0,0
TAIG,1,0,1,0,0
TAIG.WT,1,0,1,0,0
TAJ,0,0,0,0,0
TLO,5,0,0,0,0
TRP.PRI,8,1,9,0,3
TDG,0,1,0,0,0
TECK.A,13,2,3,0,0
TEA,0,0,0,0,0
TECK.B,13,2,3,0,0
TCS,4,2,0,0,0
TSAT,0,0,0,0,0
TECT,0,0,0,0,0
TELI,0,0,0,0,0
TELO,0,0,0,0,0
T,11,2,4,0,0
TIXT,11,1,5,0,0
TMAS,0,0,0,0,0
TEM,0,0,0,0,0
TEMP,0,0,0,0,0
TMRR,1,0,0,0,0
TNZ,3,0,0,0,0
PKK,1,0,0,0,0
TPC,0,0,0,0,0
TGO,1,0,1,0,0
TRA,0,0,0,0,0
TII,0,1,0,0,0
TEQ,0,0,0,0,0
TZR.H,1,0,0,0,0
TER,6,0,3,0,0
TVK,0,0,1,0,0
TES,0,0,0,0,0
TPL,1,0,0,0,0
TUO,0,0,0,0,0
TEVO,0,0,0,0,0
TFII,15,0,4,1,0
THC,1,0,0,0,0
TLT,1,0,0,0,0
TSAT,0,0,0,0,0
TELI,0,0,0,0,0
TELO,0,0,0,0,0
T,11,2,4,0,0
TIXT,11,1,5,0,0
TEM,0,0,0,0,0
TMAS,0,0,0,0,0
TEMP,0,0,0,0,0
TMRR,1,0,0,0,0
TNZ,3,0,0,0,0
PKK,1,0,0,0,0
TPC,0,0,0,0,0
TGO,1,0,1,0,0
TRA,0,0,0,0,0
TEQ,0,0,0,0,0
TII,0,1,0,0,0
TZR.H,1,0,0,0,0
TER,6,0,3,0,0
TES,0,0,0,0,0
TVK,0,0,1,0,0
TPL,1,0,0,0,0
TUO,0,0,0,0,0
TEVO,0,0,0,0,0
TFII,15,0,4,1,0
THC,1,0,0,0,0
TLT,1,0,0,0,0
TLT.WT,1,0,0,0,0
TH,4,0,2,0,0
TMG,0,0,0,0,0
THRM,0,0,0,0,0
THNK,2,0,1,0,0
THNC,4,1,2,0,0
TRI,6,0,8,1,1
TRI.PRB,6,0,8,1,1
THX,3,0,0,0,0
IDK,1,0,0,0,0
TGOL,0,0,0,0,0
TVC.H,1,0,0,0,0
TBRD,1,1,0,0,0
AWE,1,0,0,0,0
TWM,6,1,2,0,0
TWM.WT,6,1,2,0,0
TLP.UT,0,0,0,0,0
LCFS,7,2,1,0,0
TSLV,0,0,0,0,0
TIDL,0,0,0,0,0
TF,1,0,3,0,0
TLRY,4,0,13,0,0
TBR,0,1,0,0,0
TIN,1,0,0,0,0
TK,1,0,0,0,0
TNY,0,0,0,0,0
TORC,0,0,0,0,0
TTS,0,0,0,0,0
TINY,0,0,2,0,0
TMD,0,0,1,0,0
TNR,0,0,0,0,0
TXT.PRA,0,0,0,0,0
TBLL,0,0,0,0,0
TGH,1,0,0,0,0
TD.PFE,8,2,6,1,0
TD.PFC,8,2,6,1,0
TORQ,1,0,0,0,0
TORR,0,0,0,0,0
TOT,3,0,0,0,0
TOH,0,0,0,0,0
TTZ,0,0,1,0,0
TXP,2,1,0,0,0
TO,0,0,0,0,0
TOU,12,2,0,0,0
TWR,0,0,0,0,0
TRAC,0,0,0,0,0
TBK,0,0,1,0,0
TA,10,0,2,0,0
TTG,0,0,0,0,0
TA.PRE,10,0,2,0,0
TA.PRD,10,0,2,0,0
TA.PRJ,10,0,2,0,0
TA.PRF,10,0,2,0,0
RNW,2,0,9,0,2
TA.PRH,10,0,2,0,0
TRZ,0,0,2,0,3
TCL.A,2,1,2,0,0
TCO,0,0,0,0,0
TCL.B,2,1,2,0,0
TFM,0,0,0,0,0
XTM,1,0,0,0,0
TML.WT,2,1,0,0,0
TML,2,1,0,0,0
TRUE,0,0,0,0,0
TSL,0,0,1,0,0
TMC,0,0,0,0,0
TRS,0,0,0,0,0
TRBE,3,0,0,0,0
TRBC,0,0,0,0,0
TCW,8,2,0,0,0
TCN,11,0,3,0,0
TG,0,0,0,0,0
TM,1,0,0,0,0
TCF,2,0,0,0,0
TGM,1,0,0,0,0
TCF.WT,2,0,0,0,0
TRL.H,0,0,1,0,0
TMQ,2,2,2,0,0
TFPM,9,1,1,0,0
KETA,0,0,0,0,0
TSG,0,1,0,0,0
TIG,1,0,0,0,0
TSU,5,2,0,0,0
TLG,4,0,0,0,0
TGII,0,0,0,0,0
TR,0,0,0,0,0
TROY,0,0,0,0,0
TNT.UT,0,0,5,0,0
TRU,0,0,0,0,0
TGX,0,0,0,0,0
TRUL,12,1,1,0,0
TBIX,0,0,0,0,0
TTT,0,0,0,0,0
TNX,3,0,0,0,0
TSD,0,0,0,0,0
TRYP,1,0,0,0,0
TC,1,0,0,0,0
TUGA,0,0,0,0,0
TUD,3,0,0,0,0
TBX,0,1,0,0,0
TUK,1,0,0,0,0
TTGI,0,0,0,0,0
GYM,0,0,0,0,0
TVI,0,0,0,0,0
TVA.B,0,0,0,0,1
TYMB,0,0,0,0,0
TWC,0,0,0,0,0
TWOH,0,0,0,0,0
USCU,0,0,0,0,0
TIP.H,0,0,0,0,0
UGE,3,1,0,0,0
UBQ,0,0,0,0,0
ULTA,0,0,0,0,0
UGD,1,0,0,0,0
UNS,0,0,2,0,2
UNV,0,0,0,0,0
ULTH,0,0,0,0,0
UPI,0,0,0,0,0
URB,1,0,0,0,0
URC.WT,2,0,0,0,0
FTU.PRB,0,0,0,0,0
USHA,0,0,0,0,0
VPH,3,0,0,0,0
VZZ,0,0,0,0,0
VLE,1,0,0,0,0
VO,1,0,0,0,0
VEC.H,0,0,0,0,0
VMXX,0,0,0,0,0
VRB,1,0,0,0,0
VCV,0,0,0,0,0
VSR,0,0,0,0,0
VCM,2,2,0,0,0
VXL,0,0,0,0,0
VAGN,0,0,0,0,0
VTT,1,0,0,0,0
VLN,0,0,1,0,0
VLC,1,0,0,0,0
VENZ,0,0,0,0,0
VPT,0,0,0,0,0
VRNO,8,1,0,0,0
VER.H,0,0,0,0,0
NPK,1,0,0,0,0
VET,6,1,6,0,0
VBNK.PRA,2,1,0,0,0
VBNK,2,1,0,0,0
VTX,0,1,0,0,0
MJMJ,0,0,0,0,0
VERT,0,0,1,0,0
FORA,3,2,2,0,0
VEXT,4,0,0,0,0
VIBE,1,0,0,0,0
VMC,1,0,0,0,0
VST,0,0,0,0,0
VGCX,6,1,1,0,0
VR,0,0,0,0,0
VIN,0,0,0,0,0
VIO,0,0,0,0,0
VMD,4,0,0,0,0
VQS,2,0,0,0,0
VML,0,0,0,0,0
VGD,0,0,0,0,0
VLI,0,0,0,0,0
VIZ,0,0,0,0,0
VIS,0,0,0,0,0
VGZ,1,0,0,0,0
VBAM,0,0,0,0,0
VUX,0,0,0,0,0
VHI,5,1,0,0,0
VPI,0,0,0,0,0
VCI,0,0,0,0,0
VAU,0,0,0,0,0
VCU,0,0,0,0,0
VOL,1,0,0,0,0
VOL.WTA,1,0,0,0,0
VZLA,5,1,0,0,0
VCT,1,0,0,0,0
VG,0,0,0,0,0
VLT,0,0,0,0,0
VOLT,0,0,0,0,0
VRTX,0,0,0,0,0
VMS,0,0,0,0,0
VOX,3,0,0,0,0
VXTR,1,0,0,0,0
VONE,0,0,0,0,0
VOY,0,0,0,0,0
VM,1,0,0,0,0
VPN,0,0,0,0,0
VSBY,1,0,0,0,0
VRR,0,0,0,0,0
VSBY.WT,1,0,0,0,0
VUL,1,0,0,0,0
VVC,0,0,0,0,0
WJX,2,1,1,0,0
WRR,0,0,0,0,0
WFC,0,0,0,0,0
WM,2,0,0,0,0
WBGD,0,0,0,0,0
WRI,0,0,0,0,0
WCN,17,1,0,0,2
WAVE,0,0,0,0,0
WML,1,0,0,0,0
WWT,0,0,0,0,0
WDGY,0,0,0,0,0
WELL,13,1,1,0,0
WFLD,0,0,0,0,0
WCE,0,0,0,0,0
WGF,0,0,0,0,0
WESA,1,0,0,0,0
WDO,5,0,5,0,0
WFG,6,2,0,0,0
WHY,1,0,0,0,0
WEST,1,0,0,0,0
WEB,0,0,0,0,0
WAM,1,0,0,0,0
WEX,1,0,0,0,0
WEF,0,1,4,0,0
WSP,9,1,1,0,1
XBRA,0,0,0,0,0
XPLR,0,0,0,0,0
XSF,0,0,0,0,0
PAID,0,0,0,0,0
YGR,3,1,2,0,0
YRB,0,0,0,0,0
YORK,0,0,0,0,0
YNV,0,0,0,0,0
TYUM,0,0,1,0,0
YEG,0,0,0,0,0
ZACA,0,0,0,0,0
ZBNI,0,0,0,0,0
ZAC,0,0,0,0,0
ZDC,2,0,0,0,0
ZCC.H,0,0,0,0,0
ZEN,1,0,0,0,0
ZFR,0,0,0,0,0
ZEU,0,0,0,0,0
ZC,1,0,0,0,0
Z.H,0,0,0,0,0
ZNX,0,0,0,0,0
ZNC.H,0,0,1,0,0
ZTE,0,0,0,0,0
