Stock Symbol,Market Cap,P/E Ratio,EPS,Yield
ONE,$11.08 M,N/A,$-0.01,N/A
EFF,$2.79 M,N/A,$-0.01,N/A
AUMB,$7.84 M,N/A,$-0.17,N/A
TGIF,$9.08 M,N/A,$-0.04,N/A
EPIC,$167.03 M,N/A,$-0.03,N/A
JJJ.X,"$143,649",N/A,$-0.02,N/A
FFNT,$136.47 M,N/A,$-0.11,N/A
VNP,$296.79 M,N/A,$-0.24,N/A
SNR,$2.55 M,N/A,$0.00,N/A
JQ,$1.35 M,N/A,$-0.02,N/A
AGF.B,$460.93 M,6.75,$1.04,6.24%
AZ,$70.53 M,N/A,$-0.91,N/A
ABCT,$692.83 M,N/A,$-0.71,2.50%
ABM,$1.51 M,N/A,$-0.06,N/A
AAB,$5.07 M,N/A,$-0.09,N/A
ABRA,$170.56 M,N/A,$-0.04,N/A
ABST,$817.55 M,N/A,$-0.66,2.06%
ADN,$279.99 M,7.47,$2.19,7.08%
AXE,$26.47 M,N/A,$-0.05,N/A
ACD,$56.40 M,170.87,$0.04,4.92%
AKR,$8.10 M,N/A,$-0.02,N/A
ARA,$73.17 M,N/A,$-0.07,N/A
ACME,$19.92 M,N/A,$-0.07,N/A
ILLM,$132.36 M,"5,925.00",$0.00,N/A
ADZ,$7.79 M,N/A,$-0.01,N/A
XTRX,$24.63 M,N/A,$-0.08,N/A
ADCO,$14.20 M,N/A,$-0.04,N/A
ADEN,$647.30 M,5.65,$5.26,1.75%
ADE,$6.77 M,N/A,$0.00,N/A
DRX,$79.64 M,5.42,$0.46,0.81%
RABI,$1.90 M,N/A,$-0.03,N/A
ACT,$56.25 M,N/A,$-0.10,N/A
AALI,$2.92 M,N/A,$-0.05,N/A
AUHI,$2.86 M,N/A,$-0.07,N/A
APC.H,"$822,542",N/A,$-0.03,N/A
AAV,$1.30 B,4.19,$1.82,N/A
ADX,$1.27 M,N/A,$-0.01,N/A
ADZN,$54.07 M,N/A,$-0.04,N/A
ADY,$1.01 M,N/A,$-0.04,N/A
AQS,$3.32 M,N/A,$-0.02,N/A
AEZS,$19.42 M,N/A,$-6.69,N/A
ATHR,$3.33 M,N/A,$-0.02,N/A
AFR,"$631,354",N/A,$-0.04,N/A
AFE,$183.02 M,N/A,$-0.02,N/A
AOI,$1.21 B,N/A,$-0.26,2.38%
CUCO,$1.01 M,4.95,$0.01,N/A
AAG,$43.86 M,N/A,$-0.06,N/A
AFN,$1.02 B,N/A,$-2.67,1.12%
AEM,$36.12 B,10.56,$6.83,3.01%
AGRA,"$538,095",N/A,$-0.45,N/A
AIM,$313.09 M,0.78,$4.86,N/A
AIM.PRC,N/A,N/A,N/A,7.31%
AIM.PRA,N/A,N/A,N/A,6.43%
AIML,$4.04 M,N/A,$-0.05,N/A
AION,"$736,496",N/A,$-0.01,N/A
AC,$8.02 B,N/A,$-2.06,N/A
BOS,$199.67 M,N/A,$-1.92,5.42%
IQ,$8.08 M,11.46,$0.03,N/A
AKT.A,$53.79 M,3.10,$0.42,N/A
AKU,$47.06 M,N/A,$-2.38,N/A
ALBA.P,"$82,500",N/A,$-0.01,N/A
AGI,$6.77 B,54.13,$0.32,0.78%
AD.UT,$699.58 M,6.98,$2.23,8.72%
AEMC,$7.65 M,N/A,$-0.11,N/A
AKH.H,"$884,767",N/A,$0.00,N/A
ALDE,$86.29 M,N/A,$-0.01,N/A
AH,$18.14 M,N/A,$-0.27,N/A
ALE,$4.11 M,0.80,$0.06,N/A
AGN,$4.64 M,N/A,$-0.57,N/A
ALC,$581.89 M,5.26,$2.85,4.80%
ASTL,$1.04 B,3.51,$2.84,2.72%
ASTL.WT,N/A,N/A,N/A,N/A
AQN,$7.88 B,N/A,$-0.07,5.05%
AQN.PRD,N/A,N/A,N/A,6.66%
AQN.PRA,N/A,N/A,N/A,6.73%
ANZ,$3.97 M,N/A,$-0.01,N/A
ATD,$67.47 B,17.71,$3.70,0.86%
ALYA,$240.50 M,N/A,$-0.19,N/A
ALM,$1.48 M,N/A,$-0.06,N/A
AP.UT,$2.88 B,18.70,$1.22,7.90%
AKE,$8.95 B,14.05,$0.95,N/A
ALMA,"$782,374",N/A,$-0.06,N/A
AMM,$21.27 M,N/A,$-0.08,N/A
DEX,$18.21 M,9.93,$0.03,N/A
AII,$140.39 M,N/A,$-0.07,N/A
AORO,$2.21 M,N/A,$-0.01,N/A
ALCU,$11.22 M,N/A,$-0.18,N/A
ALEX,N/A,N/A,N/A,N/A
ALPA,$7.27 M,N/A,$-0.06,N/A
AFM,$1.02 B,10.72,$0.08,7.32%
NPA,$1.89 M,25.00,$0.00,N/A
ATCU,$36.32 M,N/A,$-0.04,N/A
ALA,$6.59 B,13.58,$1.71,4.81%
ALA.PRB,N/A,N/A,N/A,8.85%
ALA.PRH,N/A,N/A,N/A,10.03%
ALA.PRA,N/A,N/A,N/A,5.24%
ALA.PRE,N/A,N/A,N/A,6.84%
ALA.PRG,N/A,N/A,N/A,6.20%
ATI,$4.20 M,130.00,$0.00,N/A
AVX,"$805,674",N/A,$-0.04,N/A
ALTA,$27.84 M,N/A,$-0.01,N/A
ANE,"$835,746",N/A,$-0.03,N/A
AMO,$8.69 M,N/A,$-0.01,N/A
APN,$12.25 M,N/A,$-0.01,N/A
ALS,$1.05 B,34.76,$0.63,1.46%
ARR,$236.77 M,N/A,$-0.03,N/A
AIF,$1.88 B,232.51,$0.18,1.44%
AUUA,$8.21 M,N/A,$-0.01,N/A
ALV,$284.22 M,7.27,$1.18,8.90%
AL,$5.86 M,N/A,$-0.01,N/A
AHR,$22.39 M,5.10,$0.03,N/A
AMRQ,$181.52 M,N/A,$-0.12,N/A
AMB,$12.99 M,N/A,$-0.03,N/A
WIFI,$8.73 M,N/A,$-0.02,N/A
ACDX,$23.92 M,N/A,$-0.06,N/A
AMK,$77.49 M,17.53,$0.01,N/A
AE,$7.55 M,N/A,$-0.05,N/A
AMPS,$24.03 M,N/A,$-0.05,N/A
HOT.UT,$195.37 M,N/A,$-0.71,9.73%
LI,$586.99 M,N/A,$-0.16,N/A
LI.WT,N/A,N/A,N/A,N/A
USGD,$61.87 M,N/A,$-0.08,N/A
KCL,$4.18 M,N/A,$-0.02,N/A
USA,$127.41 M,N/A,$-0.36,N/A
ARG,$250.47 M,N/A,$-0.01,8.00%
AWLI,$16.18 M,N/A,$-0.14,N/A
AMX,$178.61 M,N/A,$0.00,N/A
XYZ,$17.03 M,N/A,$-0.07,N/A
ANRG,$54.12 M,N/A,$-0.99,N/A
ALY,$19.77 M,N/A,$-0.04,N/A
ALY.WT,N/A,N/A,N/A,N/A
APM,$129.77 M,N/A,$-0.08,N/A
AND,$1.94 B,26.06,$1.78,0.69%
ADW.A,$195.27 M,N/A,$-0.01,5.84%
AND,$1.94 B,26.06,$1.78,0.69%
ADW.A,$195.27 M,N/A,$-0.01,5.84%
AEC,$40.73 M,N/A,$-0.02,N/A
AWM,$14.94 M,N/A,$-0.02,N/A
ANK,$14.39 M,N/A,$-0.01,N/A
AAU,$1.99 M,N/A,$-0.01,N/A
GUS,$36.13 M,N/A,$-0.15,N/A
ANON,$8.53 M,N/A,$-0.07,N/A
ATE,$26.23 M,N/A,$-0.40,N/A
APX,$2.32 M,N/A,$-0.02,N/A
API,$23.49 M,N/A,$-0.03,N/A
APLI,$4.24 M,N/A,$-0.11,N/A
APL,$4.06 M,13.48,$0.02,N/A
APS,$59.94 M,N/A,$-0.63,N/A
ARJN,$6.73 M,N/A,$-0.02,N/A
ABR,$182.31 M,N/A,$-0.02,N/A
ARX,$10.88 B,3.88,$4.56,3.84%
ARCH,$124.17 M,N/A,$-0.05,N/A
RCHR,$15.41 M,N/A,$-0.25,N/A
ARC,$2.96 M,N/A,$-0.01,N/A
AFX,$6.88 M,N/A,$-0.01,N/A
ADD,$4.06 M,N/A,$-0.01,N/A
AWX,$4.98 M,N/A,$-0.01,N/A
ARS,$35.14 M,N/A,$-0.04,N/A
ARTO,"$230,462",N/A,$-2.73,N/A
AREV,$3.15 M,N/A,$-0.03,N/A
LIT,$31.86 M,N/A,$-0.09,N/A
ARQ,$6.27 M,N/A,$-0.02,N/A
ARGO,$2.89 M,N/A,$-0.01,N/A
AR,$553.20 M,N/A,$-0.23,N/A
ART,$32.58 M,N/A,$-0.04,N/A
ART.WT,N/A,N/A,N/A,N/A
DAN,$75.77 M,N/A,$-0.05,N/A
ARIS,$451.71 M,N/A,$-0.16,5.33%
ARIS.WTB,N/A,N/A,N/A,N/A
ARIS.WTA,N/A,N/A,N/A,N/A
ATZ,$4.08 B,22.08,$1.63,N/A
AMC,$441.83 M,N/A,$-0.18,N/A
AZS,$36.82 M,N/A,$-0.01,N/A
ASCU,$184.04 M,N/A,$-0.07,N/A
ARM,$5.83 M,19.81,$0.02,N/A
ARK,$20.99 M,N/A,$-0.16,N/A
AXL,$89.34 M,N/A,$0.00,N/A
ARTG,$854.00 M,N/A,$-0.14,N/A
AX.UT,$802.04 M,N/A,$-2.42,8.55%
AX.PRI,N/A,N/A,N/A,8.04%
AX.PRE,N/A,N/A,N/A,8.57%
ARWY,N/A,N/A,N/A,N/A
RBZ,$1.80 M,N/A,$-0.05,N/A
ASE,$773.51 M,N/A,$-0.32,N/A
AB.H,$7.09 M,N/A,$-0.12,N/A
ASND,$25.88 M,N/A,$-0.13,N/A
AOT,$316.14 M,N/A,$-0.04,N/A
ASEP,$9.82 M,N/A,$-0.08,N/A
ASHL,N/A,N/A,N/A,N/A
ASIA,"$724,942",N/A,$-0.01,N/A
SAT,$3.42 M,N/A,$-0.04,N/A
ATC,$31.01 M,N/A,$-0.03,N/A
ACOP,$3.46 M,N/A,$-0.07,N/A
ACO.X,$5.00 B,12.08,$3.59,4.39%
ACO.Y,$4.96 B,12.42,$3.59,4.27%
ATCM,$4.86 M,N/A,$-0.03,N/A
ATX,$190.42 M,N/A,$-0.02,N/A
SASK,N/A,N/A,N/A,N/A
ATH,$1.71 B,2.84,$1.05,N/A
ATHA,$12.21 M,N/A,$-0.01,N/A
AAT,$2.85 M,N/A,$0.00,N/A
ATY,$21.83 M,N/A,$-0.01,N/A
AEP,$67.78 M,8.71,$0.14,N/A
ATL,$43.81 M,0.39,$0.74,N/A
SALT,$104.26 M,N/A,$-0.03,N/A
ATMO,"$786,459",N/A,$-5.87,N/A
ATOM,$1.09 M,N/A,$-0.01,N/A
AAN,$8.96 M,N/A,$-0.17,N/A
TTO.H,"$396,187",N/A,$-0.01,N/A
ATS,$5.67 B,44.44,$1.38,N/A
ATW,$4.49 M,N/A,$-0.03,N/A
AUGC,"$987,175",N/A,$0.00,N/A
G,$88.51 M,N/A,$-0.24,N/A
AUQ,$3.12 M,N/A,$-0.02,N/A
ORA,$751.13 M,15.40,$0.67,N/A
ARU,$18.63 M,N/A,$-0.23,N/A
AU,$74.25 M,N/A,$-0.04,N/A
ACB,$272.66 M,N/A,$-7.17,N/A
AUR.H,$1.21 M,N/A,$0.00,N/A
ACU,$6.67 M,N/A,$-0.02,N/A
AWR,$2.00 M,N/A,$-0.02,N/A
ACR.H,"$275,125",N/A,$-0.12,N/A
AGLD,$22.03 M,N/A,$-0.02,N/A
ACQ,$440.49 M,5.01,$3.39,N/A
AFCC.H,$16.85 M,N/A,$-0.03,25.63%
APR.UT,$546.47 M,7.86,$1.42,7.22%
AUAG,$19.57 M,0.42,$0.62,N/A
XLY,$13.43 M,N/A,$-0.11,N/A
AVL,$50.34 M,N/A,$-0.01,N/A
AVNT,$38.38 M,N/A,$-0.03,N/A
XX,$25.16 M,5.01,$0.18,N/A
AVA,$3.63 M,N/A,$-0.07,N/A
AGC,$15.39 M,N/A,$-0.51,N/A
AVN,$37.43 M,N/A,$-0.15,N/A
AVN.WTA,N/A,N/A,N/A,N/A
AVM.X,$3.20 M,N/A,$0.00,N/A
AVCN,$29.49 M,N/A,$-0.22,N/A
AVG,$5.38 M,N/A,N/A,N/A
VIK,$7.58 M,3.40,$0.03,N/A
ASM,$114.80 M,39.02,$0.02,N/A
VIV,$1.16 M,N/A,$-0.08,N/A
AVCR,$28.40 M,N/A,$-0.01,N/A
AVU,$2.73 M,N/A,$-0.01,N/A
ARIC,$3.89 M,N/A,$-0.38,N/A
AXCP,$1.96 M,N/A,$-0.03,N/A
AXET.P,N/A,N/A,N/A,N/A
AXIS,$24.99 M,N/A,$-0.05,N/A
AXM,$5.95 M,N/A,$-0.01,N/A
AYA,$1.06 B,205.18,$0.04,N/A
AYR.A,$113.96 M,N/A,$-8.41,N/A
AYUR,$6.29 M,N/A,$-0.03,N/A
AZR,$2.08 M,N/A,$-0.07,N/A
AZM,$93.00 M,892.31,$0.00,N/A
AAZ,$9.48 M,N/A,$-0.04,N/A
AZT,$25.94 M,N/A,$-0.02,N/A
AMZ,$6.28 M,N/A,$-0.01,N/A
BTO,$6.83 B,16.30,$0.32,4.12%
BP,$1.55 M,N/A,$-0.02,N/A
BAC,$11.27 M,N/A,$-0.02,N/A
YVR.P,"$485,600",N/A,$-0.01,N/A
BDGI,$940.09 M,26.79,$1.00,2.57%
BLDP,$1.75 B,N/A,$-0.74,N/A
BLTC.P,"$338,179",N/A,$-0.01,N/A
BMO,$84.14 B,7.39,$15.89,4.87%
BMO.PRE,N/A,N/A,N/A,5.97%
BMO.PRF,N/A,N/A,N/A,5.51%
BMO.PRW,N/A,N/A,N/A,5.89%
BMO.PRS,N/A,N/A,N/A,5.67%
BMO.PRT,N/A,N/A,N/A,4.06%
BMO.PRY,N/A,N/A,N/A,4.39%
BNS,$79.29 B,9.26,$7.18,6.19%
BNS.PRI,N/A,N/A,N/A,5.91%
BYN,$109.54 M,N/A,$0.00,N/A
BRO,$70.32 M,N/A,$-0.04,N/A
BGS,$1.87 M,N/A,$-0.17,N/A
ABX,$42.36 B,444.90,$0.05,3.57%
BME,$37.76 M,N/A,$-0.01,N/A
BARU,$10.24 M,N/A,$-0.01,N/A
FIND,$31.68 M,N/A,$-0.21,N/A
NCLR,$2.53 M,N/A,$-0.06,N/A
BAT,$4.03 M,N/A,$0.00,N/A
BMV,$3.99 M,N/A,$-0.01,N/A
BMR,$21.53 M,N/A,$-0.02,N/A
BLCO,$9.20 B,N/A,$-0.40,N/A
BHC,$4.08 B,N/A,$-1.36,N/A
BHS,$5.96 M,N/A,$-0.01,N/A
BYL,$30.50 M,N/A,$-0.19,N/A
BYM.H,"$160,966",N/A,$-0.01,N/A
BTE,$2.52 B,3.07,$1.52,N/A
BBTV,$7.52 M,N/A,$-9.29,N/A
BCBC,$6.15 M,N/A,$-0.08,N/A
BCE,$57.85 B,22.38,$2.81,6.15%
BCE.PRE,N/A,N/A,N/A,9.16%
BCE.PRH,N/A,N/A,N/A,8.09%
BCE.PRQ,N/A,N/A,N/A,6.04%
BCE.PRJ,N/A,N/A,N/A,9.10%
BCE.PRA,N/A,N/A,N/A,5.25%
BCE.PRN,N/A,N/A,N/A,3.17%
BCE.PRL,N/A,N/A,N/A,8.30%
BCE.PRD,N/A,N/A,N/A,8.10%
BCE.PRF,N/A,N/A,N/A,6.03%
BCE.PRG,N/A,N/A,N/A,5.61%
BCE.PRI,N/A,N/A,N/A,5.66%
BCE.PRK,N/A,N/A,N/A,6.04%
BCE.PRC,N/A,N/A,N/A,7.05%
BCE.PRY,N/A,N/A,N/A,3.78%
BCE.PRZ,N/A,N/A,N/A,7.28%
B,$21.53 M,N/A,$-0.01,N/A
BECN,$11.13 M,N/A,$-0.01,N/A
BCM,$89.49 M,N/A,$-0.20,N/A
BGF,$3.67 M,N/A,$-0.01,N/A
BEE,$9.37 M,N/A,$-0.04,N/A
BLGV,$1.16 M,N/A,$-0.21,N/A
BCU,$18.53 M,N/A,$-0.02,N/A
BLU,$2.46 B,N/A,$-0.95,N/A
BEA,$2.24 M,N/A,$0.00,N/A
BSX,$29.58 M,N/A,$-0.03,N/A
BMET,$23.06 M,N/A,$-0.08,N/A
BNG,$26.69 M,16.67,$0.00,N/A
BNN,$11.06 M,N/A,$-0.16,N/A
BEX,$9.79 M,N/A,$-0.01,N/A
BZ,$42.71 M,N/A,$-0.05,N/A
PLNT.X,"$597,539",N/A,$-0.05,N/A
BETR,$8.11 M,N/A,$-0.14,N/A
MOOO,$31.28 M,N/A,$-5.08,N/A
BEW,$16.72 M,7.69,$0.02,N/A
BY,$5.16 M,N/A,$-0.03,N/A
DOCT,"$553,978",N/A,$-0.31,N/A
BOIL,$36.68 M,N/A,$-0.36,N/A
BNK,$17.27 M,N/A,$-3.26,7.19%
BNK.PRA,N/A,N/A,N/A,6.00%
BG,N/A,N/A,N/A,N/A
PRM.PRA,N/A,N/A,N/A,5.05%
RED,N/A,N/A,N/A,N/A
BRAU,$14.34 M,N/A,$-0.10,N/A
BR,$12.64 M,N/A,$-0.87,N/A
BIGT,$9.63 M,N/A,$-0.01,N/A
BIGG,$66.08 M,N/A,$-0.18,N/A
BTI,$1.19 M,N/A,$-0.04,N/A
CURE,$4.36 M,N/A,$-0.01,N/A
BHSC,$99.05 M,N/A,$-0.03,N/A
BUX,$22.49 M,N/A,$-0.03,N/A
BIO,"$562,087",N/A,$-0.10,N/A
BGA,"$696,732",N/A,$-0.06,N/A
BNXT,$61.98 M,N/A,$-0.14,N/A
BRM,$15.81 M,10.64,$0.10,N/A
ZRO,$5.87 M,N/A,$-0.07,N/A
RX,$92.93 M,17.50,$0.44,2.09%
BIOV,$4.35 M,N/A,$-0.11,N/A
BIR,$2.19 B,4.59,$1.76,9.90%
BRCH,N/A,N/A,N/A,N/A
BDT,$477.35 M,9.71,$0.91,4.88%
BITF,$343.03 M,N/A,$-1.53,N/A
BTT,$3.99 M,N/A,$-0.02,N/A
BDI,$402.65 M,15.16,$0.44,1.19%
BKI,$21.27 M,N/A,$-0.01,N/A
SWAN,$17.50 M,N/A,N/A,N/A
BB,$4.23 B,N/A,$-1.84,N/A
BLR,$1.96 M,N/A,$-0.10,N/A
BLN,$201.99 M,N/A,$-0.76,N/A
BRC,$52.72 M,N/A,$-0.09,N/A
BWCG,$16.90 M,N/A,$-0.15,N/A
BLNT,"$786,844",N/A,$-0.02,N/A
BAG,$1.42 M,N/A,$0.00,N/A
BIP.PRB,N/A,N/A,N/A,6.29%
BIP.PRF,N/A,N/A,N/A,6.71%
BIP.PRE,N/A,N/A,N/A,7.78%
BIP.PRA,N/A,N/A,N/A,6.00%
BRN.PRA,N/A,N/A,N/A,4.71%
BPO.PRP,N/A,N/A,N/A,11.21%
BPO.PRR,N/A,N/A,N/A,10.44%
BPO.PRI,N/A,N/A,N/A,11.23%
BPO.PRA,N/A,N/A,N/A,11.04%
BPO.PRC,N/A,N/A,N/A,9.56%
BPO.PRE,N/A,N/A,N/A,10.45%
BPO.PRG,N/A,N/A,N/A,11.28%
BPO.PRN,N/A,N/A,N/A,10.40%
BPO.PRX,N/A,N/A,N/A,8.41%
BPO.PRW,N/A,N/A,N/A,9.63%
BPO.PRY,N/A,N/A,N/A,8.93%
BPYP.PRA,N/A,N/A,N/A,9.46%
BPS.PRA,N/A,N/A,N/A,5.79%
BPS.PRC,N/A,N/A,N/A,5.21%
BNRE,$2.19 B,N/A,N/A,N/A
BEPC,$17.07 B,9.42,$5.02,3.84%
BEP.UT,$27.57 B,N/A,$-0.71,4.26%
BEP.PRG,N/A,N/A,N/A,6.28%
BEP.PRR,N/A,N/A,N/A,7.35%
BEP.PRO,N/A,N/A,N/A,6.61%
BEP.PRM,N/A,N/A,N/A,7.34%
BRF.PRE,N/A,N/A,N/A,6.97%
BRF.PRA,N/A,N/A,N/A,5.50%
BRF.PRB,N/A,N/A,N/A,10.79%
BRF.PRC,N/A,N/A,N/A,6.84%
BRF.PRF,N/A,N/A,N/A,6.98%
DOO,$7.93 B,9.41,$10.70,0.72%
BRW,$143.69 M,N/A,$-0.04,N/A
HOM.UT,$1.01 B,3.37,$5.11,4.09%
BTB.UT,$278.73 M,6.96,$0.47,9.15%
BTU,$5.30 M,N/A,$-0.01,N/A
BUI,$50.75 M,18.83,$0.11,N/A
BILD,$11.01 M,N/A,$-0.23,N/A
BCF,$28.57 M,9.80,$0.92,8.76%
ZLTO,N/A,N/A,N/A,N/A
AMMO,"$634,076",N/A,$-0.01,N/A
BGD,$1.60 M,N/A,$-0.01,N/A
BNKR,$35.85 M,11.72,$0.01,N/A
BU,$27.73 M,N/A,$-0.26,N/A
BURG,$1.03 M,N/A,$-0.14,N/A
BURY,$2.17 M,N/A,$0.00,N/A
BEN.H,$20.61 M,N/A,$0.00,N/A
BWR,$3.04 M,N/A,$0.00,N/A
BYND,$137.20 M,N/A,$-0.06,N/A
BZAM,$34.61 M,N/A,$-0.44,N/A
CXXI,$42.02 M,23.26,$0.01,N/A
CTOC,$4.17 M,N/A,$-0.01,N/A
CCCM,$34.14 M,N/A,$-0.01,N/A
CAE,$9.57 B,52.50,$0.56,N/A
CWL,$28.73 M,N/A,$-0.09,N/A
CFW,$340.42 M,4.34,$1.00,N/A
CFW.WT,N/A,N/A,N/A,N/A
CGY,$720.90 M,41.39,$1.48,1.83%
CXB,$742.63 M,11.84,$0.14,N/A
CNO,$5.88 M,12.50,$0.01,N/A
CNX,$46.06 M,N/A,$-0.01,N/A
COR,$17.33 M,N/A,$-0.02,N/A
CF,$948.21 M,N/A,$-0.56,3.49%
CF.PRA,N/A,N/A,N/A,7.55%
CF.PRC,N/A,N/A,N/A,9.68%
CNE,$385.46 M,0.42,$26.87,9.26%
CCB,$4.73 M,N/A,$-0.01,N/A
GOOS,$2.40 B,32.59,$0.69,N/A
CNC,$172.38 M,N/A,$-0.11,N/A
LL,$9.45 M,N/A,$0.00,N/A
CCW,$13.18 M,N/A,$-0.08,N/A
CANB,$32.23 M,12.37,$0.02,N/A
CAR.UT,$8.22 B,N/A,$-0.76,2.98%
BK.PRA,N/A,N/A,N/A,7.18%
CCI,$6.70 M,N/A,$-0.02,N/A
CCMI,$8.76 M,21.05,$0.00,N/A
CGI.PRD,N/A,N/A,N/A,3.73%
CGC,$44.65 M,N/A,$0.00,N/A
CM,$51.18 B,11.14,$5.05,5.97%
CM.PRS,N/A,N/A,N/A,7.00%
CM.PRY,N/A,N/A,N/A,5.54%
CM.PRO,N/A,N/A,N/A,5.57%
CM.PRT,N/A,N/A,N/A,5.83%
CM.PRP,N/A,N/A,N/A,6.03%
CM.PRQ,N/A,N/A,N/A,4.59%
LFE.PRB,N/A,N/A,N/A,7.82%
CME,$3.08 M,N/A,$-0.01,N/A
CNR,$106.90 B,19.61,$7.96,2.02%
CNQ,$84.97 B,9.27,$8.46,4.59%
NET.UT,$109.33 M,N/A,N/A,6.57%
CNRI,$229.59 M,N/A,$-0.04,N/A
XOP,$29.36 M,N/A,$-0.13,N/A
CP,$103.89 B,26.72,$3.99,0.71%
BULL,$7.20 M,N/A,$-0.02,N/A
CPS,$43.52 M,N/A,$-0.13,N/A
AGH.H,"$980,689",N/A,$-0.01,N/A
SPI,$20.11 M,N/A,$-0.01,N/A
CTC,$10.14 B,22.02,$14.80,2.12%
CTC.A,$10.09 B,11.28,$14.80,4.13%
CU.PRC,N/A,N/A,N/A,7.12%
CU.PRH,N/A,N/A,N/A,6.16%
CU,$10.26 B,16.07,$2.30,4.85%
CU.X,$10.26 B,16.10,$2.30,4.84%
CU.PRI,N/A,N/A,N/A,4.88%
CU.PRF,N/A,N/A,N/A,6.07%
CU.PRG,N/A,N/A,N/A,6.11%
CU.PRD,N/A,N/A,N/A,6.21%
CWB,$2.36 B,7.36,$3.41,5.10%
CWB.PRD,N/A,N/A,N/A,6.30%
CWB.PRB,N/A,N/A,N/A,6.40%
CAF,$6.17 M,4.87,$0.03,N/A
CCM,$34.91 M,N/A,$-0.03,N/A
CVV,$40.21 M,N/A,$-0.06,N/A
CLZ,$3.43 M,N/A,$-0.01,N/A
CCM,$34.91 M,N/A,$-0.03,N/A
CVV,$40.21 M,N/A,$-0.06,N/A
CLZ,$3.43 M,N/A,$-0.01,N/A
CAND,$5.23 M,N/A,$-0.07,N/A
CANX,$5.67 M,N/A,$-0.01,N/A
CFP,$2.56 B,23.56,$0.86,N/A
CFX,$114.16 M,N/A,$-1.20,N/A
CML,$4.88 M,N/A,$-0.25,N/A
ICE,$47.61 M,7.86,$0.45,3.36%
BLO,$35.38 M,N/A,$-0.02,N/A
LOVE,$76.09 M,22.14,$0.04,N/A
WEED,$717.60 M,N/A,$-7.69,N/A
WEED.WT,N/A,N/A,N/A,N/A
CSOC.A,$6.84 M,N/A,$-0.28,N/A
CSOC.B,$7.49 M,N/A,$-0.28,N/A
ROX,$6.06 M,N/A,$-0.08,N/A
CTM,$6.51 M,N/A,$-0.05,N/A
CD,$17.33 M,N/A,$-0.10,N/A
CYF,"$527,234",N/A,$-0.10,N/A
CMIL,$5.79 M,N/A,$-0.02,N/A
CPX,$5.40 B,20.32,$2.26,5.04%
CPX.PRE,N/A,N/A,N/A,6.20%
CPX.PRC,N/A,N/A,N/A,6.49%
CPX.PRK,N/A,N/A,N/A,5.85%
CPX.PRA,N/A,N/A,N/A,5.09%
CAI,$5.79 M,N/A,$0.00,N/A
CAPT,$14.12 M,N/A,$-0.01,N/A
CAPR,$1.25 M,N/A,$-0.02,N/A
CSE.PRA,N/A,N/A,N/A,6.86%
PWR,$5.11 M,N/A,$-0.03,N/A
CNRG,$6.85 M,N/A,N/A,N/A
AUTO,$6.20 M,N/A,$-0.07,N/A
CJ,$1.10 B,4.38,$1.65,9.94%
CRDL,$51.87 M,N/A,$-0.46,N/A
CRBK,$6.61 M,N/A,$-0.25,N/A
CRRX,$130.26 M,N/A,$-0.71,N/A
CSPN,$2.08 M,N/A,N/A,N/A
CCC,$2.57 M,N/A,$-0.58,N/A
RUSH,$4.39 M,N/A,$-0.09,N/A
CRIV,$1.26 M,N/A,$-0.02,N/A
ECR,$39.35 M,N/A,$0.00,N/A
CFE,$15.59 M,N/A,$-0.08,N/A
CASA,$5.94 M,N/A,$-0.01,N/A
CSS,$1.62 M,N/A,$-0.01,N/A
CCD,$3.00 M,N/A,$0.00,N/A
CK,$1.10 M,N/A,$0.00,N/A
CBOX.X,$3.72 M,N/A,$-0.01,N/A
GLDC,$36.70 M,N/A,$-0.04,N/A
CAT,$4.76 M,N/A,$-0.01,N/A
CBIT,$13.04 M,N/A,$-0.42,N/A
CET,$167.88 M,8.36,$0.09,N/A
CBLT,$3.05 M,N/A,$0.00,N/A
CCL.A,$12.51 B,19.50,$3.48,1.55%
CCL.B,$12.51 B,19.41,$3.48,1.57%
CMI,$38.30 M,106.82,$0.01,5.32%
CDN,$26.38 M,N/A,$-0.07,N/A
CEBI,"$885,157",N/A,$-0.55,N/A
CZO,$39.13 M,10.00,$0.06,N/A
CLS,$1.88 B,9.65,$1.60,N/A
CVX,$27.48 M,N/A,$-0.04,N/A
CVE,$42.56 B,8.30,$2.71,2.53%
CVE.PRC,N/A,N/A,N/A,6.28%
CVE.PRB,N/A,N/A,N/A,9.82%
CVE.PRE,N/A,N/A,N/A,5.78%
CVE.PRG,N/A,N/A,N/A,5.05%
CVE.PRA,N/A,N/A,N/A,4.89%
CVE.WT,N/A,N/A,N/A,N/A
CEE,$2.05 B,22.32,$0.08,5.54%
CTA,"$979,254",0.02,$38.38,N/A
CG,$1.55 B,N/A,$-1.45,3.93%
CNTR,$30.97 M,N/A,$-0.07,N/A
CTN,"$336,394",N/A,$-0.05,N/A
CNT,$9.85 M,N/A,$-0.01,N/A
LCE,$147.46 M,N/A,$-0.03,N/A
CRP,$78.23 M,N/A,$-1.16,N/A
CDAY,$12.89 B,N/A,$-0.31,N/A
CERT,$58.15 M,N/A,$-0.10,N/A
CDPR,$34.54 M,N/A,$-0.08,N/A
CEG,$4.30 M,N/A,$0.00,N/A
CBP,$4.79 M,N/A,$-0.02,N/A
CEU,$606.92 M,5.32,$0.45,4.17%
CYL,$10.79 M,N/A,$-0.02,N/A
CFY,$19.77 M,5.65,$0.05,N/A
GIB.A,$33.56 B,21.59,$6.38,N/A
OYL,$446.88 M,N/A,$-0.03,N/A
PERU,$10.25 M,N/A,$-0.03,N/A
WAGR,$8.24 M,N/A,$-0.09,N/A
CIA,$2.98 B,12.74,$0.43,3.62%
CH,$1.62 M,N/A,$-0.75,N/A
CWEB,$45.73 M,N/A,$-0.49,N/A
CSH.UT,$2.23 B,50.00,$0.18,6.70%
NZP,$8.96 M,N/A,$-0.02,N/A
CHM,"$289,898",N/A,$-0.05,N/A
CHE.UT,$997.93 M,7.35,$1.16,7.07%
CKG,$93.98 M,N/A,$-0.16,N/A
CHW,$144.15 M,5.70,$1.43,6.38%
CBG,$6.72 M,N/A,$-0.02,N/A
CGG,$2.38 B,7.58,$0.76,N/A
CHGX,$6.89 M,N/A,$-0.11,N/A
CHP.UT,$10.08 B,15.98,$0.87,5.41%
CHR,$623.10 M,20.75,$0.15,N/A
CLC,$10.39 M,N/A,$-0.02,N/A
CRI,$5.28 M,N/A,$-0.09,N/A
CIX,$2.30 B,12.79,$1.00,5.60%
CMC,$41.46 M,N/A,$-0.05,N/A
CMC.WT,N/A,N/A,N/A,N/A
CPH,$89.19 M,2.44,$1.45,N/A
CVGR,$1.39 M,N/A,$-0.01,N/A
CVG,$1.24 B,4.57,$18.16,0.12%
CMET,$3.00 M,N/A,$-0.07,N/A
NICO,$7.08 M,N/A,$-0.04,N/A
AIR,$14.53 M,N/A,$-0.02,N/A
CSX,$11.67 M,N/A,$-0.03,N/A
CGII,"$612,508",N/A,$-0.85,N/A
CBLU,$6.08 M,N/A,$-0.06,N/A
CMND,$4.69 M,N/A,$-6.64,N/A
CZZ,$1.47 M,N/A,$-0.01,N/A
CLIP,$11.03 M,N/A,$-2.02,N/A
CDX,$5.35 M,N/A,$-0.15,N/A
CLSH,$5.39 M,N/A,$-0.43,N/A
CMB,$17.29 M,N/A,$-0.03,N/A
CMP,N/A,N/A,N/A,N/A
CXC,$3.29 M,N/A,$-0.01,N/A
GROW,$9.25 M,N/A,$-0.02,N/A
CBV,$2.09 M,8.89,$0.01,N/A
CEI,N/A,N/A,N/A,N/A
CCA,$2.95 B,7.28,$9.07,4.70%
CGO,$863.62 M,5.73,$9.50,5.37%
CGN,$25.51 M,N/A,$-0.13,N/A
COHO,N/A,N/A,N/A,N/A
GCL,$78.51 M,14.05,$0.05,N/A
CBI,$7.25 M,N/A,$-0.01,N/A
COMT,$1.50 M,N/A,$-0.01,N/A
CNL,$302.23 M,N/A,$-0.46,N/A
CIGI,$5.53 B,107.97,$1.18,0.32%
CAD,$289.92 M,N/A,$-0.06,N/A
TIE,$13.20 M,10.00,$0.07,N/A
CEL.H,$1.34 M,N/A,$-0.01,N/A
CMD,$2.76 M,N/A,$-0.02,N/A
CCE,$12.48 M,N/A,$0.00,N/A
YCM.PRA,N/A,N/A,N/A,6.32%
YCM.PRB,N/A,N/A,N/A,7.31%
CHS,$5.22 M,N/A,$-0.09,N/A
CMG,$543.45 M,28.13,$0.24,2.94%
CSL,"$445,080",N/A,$-0.07,N/A
CDR,$20.57 M,N/A,$-0.05,N/A
COG,$88.48 M,N/A,$-0.03,N/A
CN,$20.30 M,13.72,$0.01,N/A
CFF,$57.20 M,11.05,$0.12,N/A
CQR,$3.38 M,N/A,$-0.01,N/A
CUR,$112.15 M,N/A,$-0.44,N/A
CSU,$57.84 B,82.10,$31.71,0.21%
C,$7.54 M,N/A,$-0.01,N/A
CTS,$698.25 M,26.38,$0.12,N/A
CCS.PRC,N/A,N/A,N/A,6.18%
CPAU,$25.07 M,N/A,$-0.04,N/A
CUU,$126.04 M,N/A,$0.00,N/A
CPL,$10.85 M,N/A,$-0.01,N/A
CMMC,$515.24 M,N/A,$-0.27,N/A
CRD,$3.78 M,N/A,$-0.04,N/A
CPER,$4.93 M,N/A,$-0.06,N/A
CPLF,$435.73 M,N/A,$-0.42,N/A
CSW.A,$421.61 M,18.32,$0.82,5.57%
CSW.B,$421.61 M,16.71,$0.82,6.11%
CRCL,N/A,N/A,N/A,N/A
CDB,$41.01 M,N/A,$-0.39,N/A
CDVA,$24.09 M,N/A,$-0.04,N/A
CC,$21.39 M,N/A,$-0.03,N/A
COOL,$17.95 M,N/A,$-0.58,N/A
CUSN,$106.78 M,N/A,$0.00,N/A
CSO,$33.05 M,N/A,$-0.28,N/A
CRTS,"$942,653",N/A,$-0.12,N/A
CJR.B,$277.22 M,N/A,$-1.60,8.96%
COSA,$13.50 M,N/A,$-0.04,N/A
CSG.H,N/A,N/A,N/A,N/A
CTH,$23.66 M,12.94,$0.04,N/A
COV,$48.55 M,N/A,$-0.33,N/A
CVO,$693.47 M,N/A,$-0.64,N/A
CRAN.P,"$290,780",N/A,$0.00,N/A
CPG,$4.99 B,10.40,$0.89,4.32%
CTX,$13.26 M,12.70,$0.05,N/A
CL,$819.75 M,N/A,$-0.95,N/A
CRS,$1.73 M,N/A,$-0.03,N/A
CR,$799.07 M,2.80,$1.90,N/A
CEQ,$12.68 M,N/A,$-0.01,N/A
CRE,$444.28 M,N/A,$-0.02,N/A
CTTT,$14.55 M,N/A,N/A,N/A
CRR.UT,$2.70 B,222.81,$0.07,5.92%
CRON,$982.51 M,N/A,$-0.55,N/A
CRVC,$1.93 M,N/A,$-0.09,N/A
CRWN,$43.45 M,N/A,$-1.00,N/A
CRUZ,$13.68 M,N/A,$-0.02,N/A
BLOX,$5.39 M,N/A,$-0.01,N/A
CSTR,$12.87 M,N/A,$-0.05,N/A
CRT.UT,$3.64 B,14.70,$1.04,5.66%
CIU.PRA,N/A,N/A,N/A,6.27%
CUB,$2.79 M,N/A,$-0.29,N/A
CMT,$10.67 M,N/A,$-0.02,N/A
CULT,$14.82 M,N/A,$-0.04,N/A
LAND,N/A,N/A,N/A,N/A
CURA,$2.76 B,N/A,$-0.74,N/A
CUI,$9.60 M,N/A,$-0.01,N/A
CIII.P,N/A,N/A,N/A,N/A
CVW,$124.12 M,N/A,$-0.04,N/A
CWC,$106.36 M,2.60,$0.08,N/A
CYBT,$132.21 M,N/A,N/A,N/A
CYBE,$6.62 M,N/A,$-0.01,N/A
CYM,$17.73 M,N/A,$-0.11,N/A
CODE,$1.62 M,N/A,$-0.23,N/A
HODL,$12.57 M,N/A,$-0.03,N/A
CHY,$2.00 M,N/A,$0.00,N/A
DTOL,$416.31 M,N/A,$-0.45,N/A
DMR,$2.78 M,N/A,$0.00,N/A
DVN,$18.84 M,N/A,$-0.05,N/A
DAR,"$368,541",N/A,$0.00,N/A
BATT,$1.36 M,N/A,N/A,N/A
DCM,$117.65 M,15.90,$0.16,N/A
DAC,$1.02 M,N/A,$-0.03,N/A
DM,$28.37 M,N/A,$-0.04,N/A
DAT.H,"$470,750",N/A,$0.00,N/A
DUR.P,"$267,280",N/A,$-0.14,N/A
DTEA,N/A,N/A,N/A,N/A
DBO,$22.02 M,N/A,$0.00,N/A
DEC,$6.60 M,N/A,$-0.01,N/A
DB,$52.65 M,N/A,$-0.01,N/A
DB.WTA,N/A,N/A,N/A,N/A
DE,$87.24 M,17.17,$0.38,6.37%
DE.WT,N/A,N/A,N/A,N/A
DKL,$19.19 M,N/A,$-0.13,N/A
MKT,$1.70 M,N/A,$-0.09,N/A
DEEP,$1.16 M,N/A,$-0.03,N/A
DSM,$11.66 M,N/A,$-0.06,N/A
DSAI,$6.61 M,N/A,$-0.02,N/A
DTC,$115.03 M,N/A,$-0.21,N/A
DEFN,$46.76 M,N/A,$-0.02,N/A
DEF,$37.75 M,N/A,$-0.02,N/A
DFY,$4.24 B,14.08,$2.61,1.50%
DELC,"$424,280",N/A,$-0.12,N/A
DHB,$5.05 M,N/A,$-0.01,N/A
LOTA,$2.95 M,N/A,N/A,N/A
DELX,$10.25 M,N/A,$-0.03,N/A
DN,$7.01 M,N/A,$-0.18,N/A
DELT,$3.24 M,N/A,$-0.05,N/A
DEME,N/A,N/A,N/A,N/A
DSLV,$26.46 M,N/A,$-0.56,N/A
DML,$1.19 B,N/A,$-0.04,N/A
DNTL,$1.35 B,N/A,$-0.21,N/A
DSG,$8.94 B,66.66,$1.55,N/A
DAU,$8.92 M,N/A,$-0.02,N/A
DME,$87.78 M,N/A,$-0.11,N/A
DME.WT,N/A,N/A,N/A,N/A
DSY,$11.21 M,16.41,$0.06,N/A
FARM,$40.16 M,N/A,$-0.09,N/A
GSD,$38.66 M,N/A,$-0.03,N/A
DXT,$348.35 M,50.23,$0.11,6.39%
DFR,$16.35 M,N/A,$-0.25,N/A
DGTL,$1.90 M,N/A,$-0.09,N/A
DMED,$4.95 M,N/A,N/A,N/A
ADK,$27.79 M,N/A,$-0.04,N/A
CARE,$236.28 M,N/A,$-0.33,N/A
DMI,$16.06 M,N/A,$-0.01,N/A
DWS,$10.59 M,N/A,$-0.26,N/A
DGHI,$53.86 M,N/A,$-0.82,N/A
DOS,$8.03 M,41.18,$0.00,N/A
DCSI,$12.12 M,N/A,$-1.32,N/A
DRT,$48.46 M,N/A,$-0.63,N/A
DHR,"$945,093",N/A,$-0.03,N/A
DSV,$341.78 M,N/A,$-0.09,N/A
DCOP,$1.60 M,N/A,$-0.03,N/A
DMX,$8.70 M,N/A,$-0.01,N/A
DVG,$2.31 M,2.54,$0.03,N/A
DIV,$426.70 M,23.70,$0.13,8.08%
DF.PRA,N/A,N/A,N/A,6.05%
DFN.PRA,N/A,N/A,N/A,5.85%
DGS.PRA,N/A,N/A,N/A,5.77%
DG,$2.32 M,N/A,$-0.01,N/A
DLP,$45.33 M,N/A,$-0.04,N/A
DMGI,$44.44 M,N/A,$-0.17,N/A
DCBO,$1.49 B,73.82,$0.59,N/A
DOL,$24.66 B,29.92,$2.76,0.34%
MOOD,$1.02 M,N/A,$-0.04,N/A
DBG,$91.28 M,N/A,$-0.01,N/A
DPRO,$40.78 M,N/A,$-0.84,N/A
MPCT.UT,$164.95 M,N/A,$-0.71,6.69%
DIR.UT,$3.84 B,15.65,$0.90,4.99%
D.UT,$746.53 M,70.62,$0.21,6.88%
DRM,$911.80 M,6.18,$3.53,2.29%
DHT.UT,$305.07 M,N/A,N/A,4.29%
FLT,$91.92 M,N/A,$-0.06,N/A
DC.A,$124.20 M,N/A,$-0.31,N/A
DC.PRD,N/A,N/A,N/A,10.66%
DC.PRB,N/A,N/A,N/A,7.34%
DPM,$1.83 B,25.14,$0.38,2.21%
DST,$3.21 M,N/A,$-0.06,N/A
DGO,$4.24 M,N/A,$-0.03,N/A
DND,$924.07 M,N/A,$-1.41,0.46%
DYA,$61.09 M,N/A,$-0.03,N/A
DNG,$117.26 M,7.85,$0.39,3.95%
DYG,$11.57 M,N/A,$-0.01,N/A
EINC,$162.66 M,N/A,$-1.28,N/A
ENS.PRA,N/A,N/A,N/A,5.21%
ETU,$4.60 M,N/A,$-0.03,N/A
ETL,$174.49 M,N/A,$-0.12,N/A
ESNR,$6.70 M,N/A,$-0.04,N/A
EBR,$2.38 M,N/A,N/A,N/A
EPL,$27.05 M,N/A,$-0.01,N/A
EAC,$12.02 M,N/A,$-0.01,N/A
SPOT,$34.82 M,N/A,$-0.20,N/A
ERTH,$11.30 M,N/A,$-0.06,N/A
ERTH.WT,N/A,N/A,N/A,N/A
WISE,"$481,610",N/A,$-0.31,N/A
EWK,$22.03 M,N/A,$-0.02,N/A
EAM,$28.50 M,N/A,$-0.01,N/A
EAGR,$53.81 M,5.94,$0.11,N/A
EW,$5.38 M,N/A,$-0.01,N/A
ELR,$14.47 M,N/A,$-0.02,N/A
ETF,$2.22 M,N/A,$-0.01,N/A
EBM,$52.35 M,N/A,$0.00,N/A
EATS,$1.54 M,N/A,$-1.06,N/A
EWG,$29.79 M,N/A,$-0.43,N/A
ECN,$711.61 M,N/A,$-0.08,1.37%
ECN.PRC,N/A,N/A,N/A,9.77%
EOG,$123.06 M,N/A,$-0.17,N/A
EOM,$4.26 M,N/A,$-0.06,N/A
ECM,$74.62 M,N/A,$-0.01,N/A
ECOR,$486.13 M,3.84,$0.56,5.15%
ECO,$153.51 M,N/A,$-0.06,N/A
EDY,$1.93 M,N/A,$-0.18,N/A
CTRL,$18.04 M,N/A,$-0.48,N/A
YFI,$8.41 M,N/A,$-0.01,N/A
EDDY,$5.76 M,N/A,$-0.01,N/A
EDM,$9.41 M,N/A,$-0.10,N/A
EFV,$5.43 M,N/A,$0.00,N/A
TMED,"$533,140",N/A,$-0.53,N/A
EGR,$2.56 M,N/A,$-0.06,N/A
EGT,$66.30 M,N/A,$-0.03,N/A
ELF,$3.18 B,10.21,$88.74,1.66%
ELF.PRF,N/A,N/A,N/A,6.37%
ELF.PRG,N/A,N/A,N/A,6.24%
ELF.PRH,N/A,N/A,N/A,6.25%
ERA,$12.27 M,N/A,$0.00,N/A
ELD,$2.60 B,N/A,$-0.64,N/A
ELBM,$63.77 M,N/A,$-0.65,N/A
EML,$26.01 M,N/A,$-0.03,N/A
ELEC,$30.23 M,N/A,$-0.02,N/A
EFL,$163.19 M,N/A,$-0.05,N/A
ECU,$15.45 M,N/A,$-0.07,N/A
EFN,$7.76 B,20.47,$0.98,1.99%
EFN.PRE,N/A,N/A,N/A,6.13%
EFN.PRA,N/A,N/A,N/A,6.97%
ELMT,$11.21 M,N/A,$-0.06,N/A
ELEM,$5.37 M,N/A,$-0.10,N/A
ELE,$220.68 M,N/A,$-0.18,N/A
ELVT,$17.11 M,N/A,$-0.52,N/A
ELVT.WTA,N/A,N/A,N/A,N/A
ELO,$228.55 M,N/A,N/A,N/A
BABY,$81.20 M,N/A,$-0.16,N/A
ELC,$13.96 M,N/A,$-0.09,4.35%
EMA,$15.49 B,13.37,$4.24,4.87%
EMA.PRJ,N/A,N/A,N/A,4.67%
EMA.PRF,N/A,N/A,N/A,5.98%
EMA.PRH,N/A,N/A,N/A,5.92%
EMA.PRL,N/A,N/A,N/A,6.33%
EMA.PRB,N/A,N/A,N/A,10.18%
EMA.PRC,N/A,N/A,N/A,6.09%
ECOM,$7.40 M,N/A,$-0.16,N/A
EMR,$3.40 M,N/A,$-0.11,N/A
EMER,$14.17 M,0.42,$0.72,N/A
EMNT,$17.24 M,N/A,$-0.04,N/A
EMPS,$28.26 M,N/A,$-0.03,N/A
EMPH,"$363,760",N/A,$-0.03,N/A
AUOZ,$6.51 M,N/A,$-0.02,N/A
EMP.A,$9.17 B,13.41,$2.60,1.89%
EPW,$3.49 M,N/A,$-0.01,N/A
EMPR,$25.77 M,N/A,$-0.04,N/A
ENA,$26.03 M,N/A,$-0.63,N/A
ENB.PRD,N/A,N/A,N/A,7.88%
ENB,$101.38 B,42.01,$1.18,7.16%
ENB.PRP,N/A,N/A,N/A,7.12%
ENB.PRT,N/A,N/A,N/A,6.85%
ENB.PRA,N/A,N/A,N/A,6.29%
ENB.PFK,N/A,N/A,N/A,6.90%
ENB.PFC,N/A,N/A,N/A,6.88%
ENB.PRB,N/A,N/A,N/A,7.85%
ENB.PRF,N/A,N/A,N/A,6.67%
ENB.PRH,N/A,N/A,N/A,6.86%
ENB.PRN,N/A,N/A,N/A,7.52%
ENB.PFE,N/A,N/A,N/A,5.53%
ENB.PFG,N/A,N/A,N/A,5.46%
ENB.PRY,N/A,N/A,N/A,6.66%
ENB.PRJ,N/A,N/A,N/A,7.15%
ENB.PFA,N/A,N/A,N/A,6.89%
EPO.H,$2.22 M,N/A,$-0.02,N/A
EU,$423.95 M,N/A,$-0.15,N/A
EDV,$8.28 B,N/A,$-0.15,3.26%
EDR,$839.70 M,567.95,$0.01,N/A
EDG,$36.34 M,N/A,$-0.01,N/A
ENDR,$19.28 M,800.00,$0.00,N/A
EFX,$1.02 B,N/A,$-0.79,1.21%
EFR,$1.28 B,14.34,$0.59,N/A
ERF,$4.31 B,3.43,$5.83,1.34%
ENRT,$7.17 M,1.89,$0.02,N/A
ENGH,$2.07 B,22.94,$1.62,2.36%
EGM,$1.86 M,N/A,$-0.04,N/A
ESI,$398.24 M,108.91,$0.02,N/A
E,$23.91 M,6.89,$0.07,N/A
ENBI,$1.18 M,N/A,$-0.14,N/A
EGLX,$100.17 M,N/A,$-0.50,N/A
ENTG,$6.13 M,N/A,$-0.40,N/A
ETG,$237.76 M,N/A,$-0.06,N/A
NVRO,$26.31 M,N/A,$-0.05,N/A
ETI,$4.86 M,N/A,$-0.05,N/A
EWS,$10.67 M,N/A,$-0.01,N/A
ENW,$41.44 M,N/A,$-0.08,N/A
EON,$1.24 M,N/A,$-0.07,N/A
EONX,$5.73 M,N/A,$-0.26,N/A
EPR,N/A,N/A,N/A,N/A
EQ,$81.24 M,N/A,$-0.09,N/A
EQB,$2.50 B,8.67,$7.65,2.23%
EQB.PRC,N/A,N/A,N/A,6.54%
EQX,$2.07 B,N/A,$-0.30,N/A
EQTY,$18.43 M,N/A,$-0.02,N/A
ERD,$111.43 M,N/A,$-0.02,N/A
EONX,$5.73 M,N/A,$-0.26,N/A
EPR,N/A,N/A,N/A,N/A
EQ,$81.24 M,N/A,$-0.09,N/A
EQB,$2.50 B,8.67,$7.65,2.23%
EQB.PRC,N/A,N/A,N/A,6.54%
EQX,$2.07 B,N/A,$-0.30,N/A
EQTY,$18.43 M,N/A,$-0.02,N/A
ERD,$111.43 M,N/A,$-0.02,N/A
ERO,$2.31 B,23.07,$1.06,N/A
ERC,$4.89 M,N/A,$-0.09,N/A
ESE,$11.62 M,N/A,$-0.41,N/A
ESGW,$4.93 M,N/A,$-0.03,N/A
ESAU,$7.67 M,N/A,$-0.01,N/A
ESK,$100.99 M,N/A,$-0.11,N/A
ESN,$49.72 M,11.80,$0.03,N/A
ESX,"$881,788",N/A,$-0.02,N/A
REE,$4.95 M,N/A,$-0.02,N/A
ETR,$4.94 M,N/A,$-0.01,N/A
EPRX,$163.58 M,N/A,$-1.16,N/A
EPRX.WT,N/A,N/A,N/A,N/A
EPRX.WTA,N/A,N/A,N/A,N/A
ESM,$8.52 M,N/A,$-0.04,N/A
EOX,$28.27 M,N/A,$-0.02,N/A
FIN,$16.24 M,N/A,$-0.05,N/A
ERE.UT,$696.53 M,16.33,$0.18,10.15%
EVNI,N/A,N/A,N/A,N/A
EVGN,$41.67 M,N/A,$-0.30,N/A
EVER,$4.12 M,N/A,$-0.03,N/A
ET,$937.58 M,14.59,$0.85,6.15%
EPF,$15.61 M,N/A,$-0.03,N/A
OKAI,$53.75 M,N/A,$-0.02,N/A
EXN,$13.82 M,N/A,$-0.11,N/A
MIN,$63.21 M,N/A,$-0.02,N/A
EIF,$2.36 B,21.13,$2.59,4.60%
XTC,$312.47 M,14.06,$0.56,5.30%
XBLK.X,$1.61 M,N/A,$0.00,N/A
EXG,$6.39 M,N/A,$-0.01,N/A
NFLD,$24.92 M,N/A,$-0.07,N/A
EXRO,$328.33 M,N/A,$-0.27,N/A
EXRO.WT,N/A,N/A,N/A,N/A
EXE,$608.56 M,388.17,$0.02,6.65%
FUU,$109.20 M,N/A,$-0.04,N/A
FABL,$1.22 M,N/A,$-0.16,N/A
FFH,$25.62 B,8.01,$121.59,1.38%
FFH.PRD,N/A,N/A,N/A,4.47%
FFH.PRJ,N/A,N/A,N/A,7.48%
FFH.PRK,N/A,N/A,N/A,7.04%
FFH.PRM,N/A,N/A,N/A,6.25%
FFH.PRF,N/A,N/A,N/A,9.94%
FFH.PRH,N/A,N/A,N/A,8.65%
FFH.PRI,N/A,N/A,N/A,5.66%
FFH.PRC,N/A,N/A,N/A,6.77%
FFH.PRE,N/A,N/A,N/A,5.24%
FFH.PRG,N/A,N/A,N/A,5.31%
FPC,$29.87 M,N/A,$-0.01,N/A
FG,$7.12 M,N/A,$-0.01,N/A
FO,$177.54 M,N/A,$0.00,N/A
FNC,$18.53 M,1.21,$0.09,N/A
FDM,$2.46 M,N/A,$-0.06,N/A
FANS,$21.08 M,N/A,$-0.19,N/A
FDY,$134.94 M,N/A,$-0.10,N/A
FDGE,$8.31 M,N/A,$-1.99,N/A
FNI,$8.32 M,N/A,$-0.02,N/A
FE,$26.41 M,N/A,$-0.15,N/A
FNDX,$22.84 M,N/A,N/A,N/A
FENX,$11.61 M,N/A,$-0.05,N/A
FRX,$267.89 M,N/A,$-1.31,N/A
FMN,$7.72 M,N/A,$-0.02,N/A
FSZ,$703.09 M,36.25,$0.19,12.80%
FIL,$2.86 B,N/A,$-0.69,N/A
FTN.PRA,N/A,N/A,N/A,7.85%
CALI.X,"$338,086",N/A,$-0.51,N/A
FDI,$13.03 M,8.65,$0.05,6.59%
FNQ,$3.97 M,N/A,$0.00,N/A
FYL,$4.47 M,N/A,$0.00,N/A
FTT,$5.69 B,10.53,$3.55,2.67%
FTEC,$2.00 M,1.60,$0.02,N/A
FTG,$76.04 M,13.93,$0.23,N/A
FAF,$47.79 M,N/A,$-1.90,N/A
FFOX,$8.37 M,N/A,$-0.03,N/A
FV.H,$2.53 M,N/A,$0.00,N/A
FCA.UT,$33.84 M,N/A,$-2.40,7.12%
FC,$384.84 M,11.88,$0.93,8.44%
FCD.UT,$217.25 M,N/A,$-0.02,8.96%
URM,$4.12 M,N/A,$-0.01,N/A
FCR.UT,$3.19 B,N/A,$-0.73,5.78%
HELI,$12.25 M,5.80,$0.03,N/A
FHYD,$166.66 M,N/A,$-0.23,N/A
FLM,$6.95 M,N/A,$-0.01,N/A
FR,$2.30 B,N/A,$-1.09,0.37%
FN.PRB,N/A,N/A,N/A,11.50%
FN.PRA,N/A,N/A,N/A,6.70%
PHOS,N/A,N/A,N/A,N/A
FM,$21.93 B,22.48,$1.36,0.85%
FTEL,$8.72 M,N/A,$-0.03,N/A
URNM,$3.72 M,N/A,$-0.06,N/A
FSV,$8.88 B,53.05,$3.65,0.62%
FCU,$419.52 M,N/A,$-0.01,N/A
FEX,$2.07 M,N/A,$-0.01,N/A
MHC.UT,$326.80 M,N/A,N/A,3.38%
FLNT,$3.85 M,N/A,N/A,N/A
FLOW,$24.01 M,N/A,$-0.84,N/A
FW,$17.60 M,1.23,$0.45,N/A
FWM,$1.38 M,N/A,$-0.06,N/A
FLYN,$8.47 M,N/A,$-0.06,N/A
FOBI,$53.00 M,N/A,$-0.09,N/A
FKM,$6.66 M,N/A,$0.00,N/A
FAR,$164.77 M,4.74,$0.35,N/A
FOM,$779.00 M,N/A,$-0.05,N/A
FAT,$29.50 M,N/A,$-0.01,N/A
FSY,$81.97 M,N/A,$-0.01,N/A
FTJ,$3.27 M,N/A,$-0.03,N/A
CUAU,$4.37 M,N/A,$-0.04,N/A
FTS,$28.41 B,19.71,$2.95,3.89%
FTS.PRH,N/A,N/A,N/A,3.81%
FTS.PRF,N/A,N/A,N/A,6.08%
FTS.PRM,N/A,N/A,N/A,5.89%
FTS.PRK,N/A,N/A,N/A,6.19%
FTS.PRI,N/A,N/A,N/A,7.93%
FTS.PRJ,N/A,N/A,N/A,6.16%
FVI,$1.35 B,N/A,$-0.67,N/A
FOR,$9.01 M,N/A,$-0.03,N/A
PLLR,"$291,484",N/A,$-0.04,N/A
FMC,$16.46 M,N/A,$-0.03,N/A
FWTC,$6.88 M,N/A,$-0.02,N/A
FORZ,$105.05 M,N/A,$-0.37,N/A
FSX,$26.81 M,N/A,$-0.09,N/A
FDR,$11.67 M,N/A,$-0.04,N/A
FA,$5.57 M,N/A,$-0.14,N/A
FNAU,$8.23 M,N/A,$-0.05,N/A
FOX,N/A,N/A,N/A,N/A
FP,$5.94 M,N/A,$-0.57,N/A
FPX,$95.09 M,N/A,$-0.02,N/A
FNV,$39.68 B,43.83,$4.65,0.89%
FMAC.P,N/A,N/A,N/A,N/A
FRED,$16.96 M,40.74,$0.00,N/A
FVL,$272.67 M,N/A,$0.00,N/A
FRU,$2.21 B,11.13,$1.34,7.27%
FMAN,$27.67 M,16.80,$0.01,N/A
FRI,$7.08 M,N/A,$-0.02,N/A
HUGE,$58.95 M,N/A,$-0.95,N/A
FTI,$1.50 M,38.46,$0.00,N/A
NHHH,$42.67 M,N/A,$-0.04,N/A
FCLI,$25.09 M,N/A,$-0.01,N/A
FMM,$3.56 M,N/A,$-0.01,N/A
FURY,$97.63 M,N/A,$-0.17,N/A
FUSE,$9.37 M,N/A,$-0.02,N/A
GMIN,$483.32 M,N/A,$-0.01,N/A
GETT,$2.14 M,N/A,$0.00,N/A
GTOO,$1.73 M,N/A,$-0.08,N/A
GTWO,$134.47 M,N/A,$-0.02,N/A
GGG,$4.09 M,N/A,$-0.04,N/A
GBU,$260.17 M,N/A,$-0.01,N/A
GABY,$3.60 M,N/A,$-0.05,N/A
GAL,$33.87 M,N/A,$-0.17,N/A
GLXY,$1.77 B,N/A,$-5.13,N/A
GAU,$188.95 M,2.62,$0.30,N/A
GLL,$1.38 M,1.38,$0.04,N/A
GGO,$15.38 M,N/A,$-0.02,N/A
GRI,$1.66 M,N/A,$-0.01,N/A
GWM,$31.91 M,N/A,$-0.17,N/A
GAMA,N/A,N/A,-0.03,N/A
GH,$200.70 M,13.53,$0.69,3.87%
GMNG,$48.79 M,N/A,$-0.03,N/A
GET,$5.18 M,N/A,$-0.10,N/A
GAME,$73.28 M,N/A,$-11.02,N/A
GAND,$17.27 M,N/A,$-0.01,N/A
GGI,$20.60 M,N/A,$-0.01,N/A
GATO,$493.32 M,N/A,$-1.02,N/A
GBLT,$13.05 M,60.53,$0.00,N/A
GDI,$1.08 B,32.35,$1.44,N/A
GXE,$260.70 M,3.71,$0.27,12.12%
GKO,$1.58 M,N/A,$-0.08,N/A
GMR,$6.94 M,N/A,$-0.01,N/A
GLAB,$26.07 M,N/A,$-0.10,N/A
GCA.X,$2.25 M,N/A,$-0.01,N/A
GA,"$263,751",N/A,$-0.36,N/A
GGLD,$2.94 M,N/A,$-0.02,N/A
GEN,"$719,947",N/A,$-0.01,N/A
GENM,$89.27 M,N/A,$-0.19,N/A
AICO,$5.88 M,0.06,$20.02,N/A
GGC,$4.93 M,N/A,$-0.02,N/A
GDC,$117.14 M,23.52,$0.09,N/A
GTTX,"$566,430",N/A,$-0.05,N/A
GENI,$3.86 M,N/A,$-0.02,N/A
GENX,$2.67 M,N/A,$-0.02,N/A
GSP,$48.26 M,N/A,$-0.01,N/A
GEO,$142.85 M,5.78,$0.53,2.61%
GRCM,"$793,770",N/A,$-0.01,N/A
GMA,$24.82 M,N/A,$-0.01,N/A
WN,$23.48 B,12.98,$12.69,1.73%
WN.PRE,N/A,N/A,N/A,6.19%
WN.PRC,N/A,N/A,N/A,6.24%
WN.PRA,N/A,N/A,N/A,6.08%
GTCH,$24.44 M,N/A,$-0.07,N/A
GTC,$4.88 M,N/A,$0.00,N/A
GFG,$19.93 M,N/A,$-0.01,N/A
GFL,$18.59 B,N/A,$-1.51,0.13%
GGL,$3.71 M,N/A,$-0.03,N/A
GGX,$1.91 M,N/A,$-0.02,N/A
GEI,$3.13 B,12.14,$1.76,7.29%
GIGA,$25.94 M,N/A,$-0.03,N/A
GIL,$7.11 B,10.89,$3.55,2.57%
GIT,$1.40 M,N/A,$-0.01,N/A
GIVX,$59.18 M,N/A,$-0.07,N/A
EMM,$32.77 M,N/A,$-0.03,N/A
NIKL,$2.44 M,N/A,$-0.01,N/A
GVC,$29.01 M,N/A,$-0.26,N/A
GLAD,$9.92 M,N/A,$-0.02,N/A
GER,$2.15 M,N/A,$-0.01,N/A
GLG,$1.92 M,N/A,$-0.92,N/A
GLO,$494.37 M,N/A,$-0.09,N/A
GBML,$10.16 M,N/A,$-0.03,N/A
APP,$2.06 M,N/A,$-0.01,N/A
GDV.PRA,N/A,N/A,N/A,5.32%
GEMC,$2.60 M,N/A,$-0.04,N/A
PEAS,$7.40 M,N/A,$-0.15,N/A
MJRX,"$798,332",N/A,$-0.22,N/A
HECO,$10.61 M,N/A,$-0.10,N/A
GHG,$1.78 M,N/A,$-0.01,N/A
LION,$3.17 M,N/A,$-0.02,N/A
UAV,"$245,945",N/A,$-0.16,N/A
GWS,$3.87 M,N/A,$-0.04,N/A
GMX,$42.28 M,N/A,$-0.06,N/A
GLOW,$7.14 M,N/A,$-0.04,N/A
GMV,$13.19 M,N/A,$-0.01,N/A
GOCO,$1.79 M,N/A,$-0.10,N/A
GOAT,$1.12 M,N/A,$-0.08,N/A
GSY,$1.76 B,10.83,$9.89,3.58%
GGD,$482.42 M,N/A,$-0.02,N/A
GG,$17.46 M,N/A,$-0.02,N/A
GXX,$17.25 M,N/A,$-0.02,N/A
GBRC,$6.88 M,N/A,$-0.03,N/A
GDIG,N/A,N/A,N/A,N/A
HUNT,$6.96 M,N/A,$-0.02,N/A
GLDL,$2.55 M,N/A,$-0.17,N/A
GL,$3.38 M,N/A,$-0.13,N/A
GMTN,$15.38 M,N/A,$-0.09,N/A
GPO,$2.19 M,N/A,$-0.04,N/A
GRZ,$176.20 M,N/A,$-0.11,N/A
GRC,$30.09 M,N/A,$-0.01,N/A
YGT,$21.83 M,N/A,$-0.01,N/A
AUU,$5.22 M,N/A,$0.00,N/A
GRG,$14.54 M,N/A,$-0.05,N/A
GCC,$2.99 M,N/A,$-0.02,N/A
GNG,$3.02 M,N/A,$0.00,N/A
GLM,$6.47 M,N/A,$-0.03,N/A
AUMN,$42.00 M,N/A,$-0.10,N/A
GDP,$7.02 M,N/A,$-0.03,N/A
GLDN,$3.80 M,N/A,$-0.02,N/A
GSRI,$8.69 M,N/A,$-0.30,N/A
AUEN,$3.25 M,N/A,$-0.04,N/A
GLDS,$8.67 M,N/A,$-0.04,N/A
GOG,$33.61 M,N/A,$-0.01,N/A
GDX,$1.57 M,4.17,$0.02,N/A
GOFL,$6.29 M,N/A,$-0.01,N/A
GGA,$1.72 M,N/A,$-0.18,N/A
GOH,$4.36 M,N/A,$-0.06,N/A
GOLD,$230.47 M,N/A,$-0.10,N/A
XAU,$150.18 M,33.78,$0.06,N/A
FUTR,$4.67 M,N/A,$-0.01,N/A
GLD,$2.77 M,N/A,$-0.05,N/A
GQC,$25.94 M,N/A,$-0.01,N/A
GOR,$1.63 M,N/A,$-0.01,N/A
GSK,$1.51 M,N/A,$-0.01,N/A
GSHR,$34.02 M,N/A,N/A,N/A
GXS,$18.30 M,N/A,$-0.12,N/A
GDM,$1.91 M,N/A,$-0.06,N/A
GSTM,$14.76 M,N/A,N/A,N/A
GOT,$43.39 M,N/A,$-0.28,N/A
GFCO,$3.06 M,N/A,$-0.05,N/A
GOOD,$2.41 M,N/A,N/A,N/A
GDNP,$44.63 M,N/A,$-0.05,N/A
MUSH,$4.60 M,N/A,$-0.03,N/A
GFOR.P,N/A,N/A,N/A,N/A
GDL,$104.29 M,3.88,$3.19,8.06%
FOOD,$39.12 M,N/A,$-1.21,N/A
GDNS,$30.75 M,N/A,$-0.38,N/A
GSS,$3.34 M,N/A,$-0.04,N/A
GHM.P,"$760,000",N/A,$0.00,N/A
GXU,$89.69 M,N/A,$-0.03,N/A
GWA,$36.73 M,N/A,$-0.01,N/A
GPM,$4.94 M,N/A,$0.00,N/A
GRSL,$22.25 M,N/A,$-0.09,N/A
GGM,$4.52 M,N/A,$-0.02,N/A
GPG,$22.71 M,N/A,$-0.01,N/A
GCX,$8.43 M,N/A,$-0.01,N/A
GRT.UT,$5.20 B,N/A,$-5.11,3.93%
GBLC,$1.73 M,N/A,$-0.39,N/A
GEL,$2.98 M,N/A,$-0.03,N/A
GMG,$177.93 M,N/A,$-0.02,N/A
GPH,$158.65 M,N/A,$-0.09,N/A
GRAT,$55.48 M,N/A,$-0.05,N/A
GRAY,$1.99 M,N/A,$-0.06,N/A
GR,$1.50 M,N/A,$-0.10,N/A
GQ,$1.27 M,N/A,$-0.06,N/A
GWO,$36.39 B,12.05,$3.26,5.29%
GWO.PRI,N/A,N/A,N/A,6.16%
GWO.PRY,N/A,N/A,N/A,6.10%
GWO.PRR,N/A,N/A,N/A,6.22%
GWO.PRT,N/A,N/A,N/A,6.27%
GWO.PRG,N/A,N/A,N/A,6.25%
GWO.PRS,N/A,N/A,N/A,6.27%
GWO.PRP,N/A,N/A,N/A,6.31%
GWO.PRL,N/A,N/A,N/A,6.33%
GWO.PRM,N/A,N/A,N/A,6.31%
GWO.PRN,N/A,N/A,N/A,3.64%
GWO.PRH,N/A,N/A,N/A,6.25%
GEM,$5.24 M,N/A,$-0.05,N/A
GIP,$162.60 M,N/A,$-0.47,N/A
GRF,$24.12 M,N/A,$-0.04,N/A
CCR,$4.52 M,N/A,$-0.03,N/A
GCOM,$6.85 M,N/A,$-0.05,N/A
GTII,$2.23 B,N/A,$-0.06,N/A
GBC,$6.82 M,N/A,$-0.06,N/A
GRB,$34.72 M,N/A,$-0.09,N/A
VGN,$2.60 M,N/A,$-0.09,N/A
GFP,$236.17 M,5.34,$0.24,N/A
GRHK,$4.31 M,N/A,$-0.01,N/A
GRN,$46.67 M,N/A,$-0.04,N/A
GPV,$88.90 M,N/A,$-1.02,N/A
XCX,"$944,721",N/A,$-0.14,N/A
GWAY,$30.11 M,N/A,$-0.02,N/A
WOLF,$14.90 M,N/A,$-0.06,N/A
CELL,$3.62 M,N/A,$-0.02,N/A
GRDM,$23.15 M,23.33,$0.01,N/A
GZD,$12.04 M,N/A,$0.00,N/A
GVR,$2.10 M,N/A,$-0.01,N/A
GRD,$12.12 M,N/A,$-0.14,N/A
SHOE,$30.18 M,N/A,$-0.08,N/A
ZNG,$11.87 M,N/A,$-0.02,N/A
GRIN,$29.86 M,12.41,$0.01,N/A
GSPR,$2.80 M,N/A,$-0.01,N/A
GSVR,$153.82 M,N/A,$-0.13,N/A
GCG,$1.16 B,N/A,$-7.49,3.06%
GCG.A,$1.16 B,N/A,$-7.49,3.09%
GUF,$11.50 M,6.87,$0.08,N/A
GUG,$6.58 M,N/A,$-0.01,N/A
GURU,$93.44 M,N/A,$-0.53,N/A
HR.UT,$2.74 B,N/A,$-0.13,5.86%
HO.P,N/A,N/A,N/A,N/A
HEO,$259.22 M,81.64,$0.04,N/A
HAKK.P,"$791,324",N/A,$-0.01,N/A
HPM,$2.40 M,N/A,$-0.05,N/A
HMT,$109.07 M,11.53,$0.08,N/A
HTL,$226.73 M,119.85,$0.01,N/A
HHRS,N/A,N/A,N/A,N/A
HHRS.WT,N/A,N/A,N/A,N/A
HMM.A,$67.33 M,4.84,$1.23,1.01%
HPS.A,$512.69 M,9.83,$4.38,1.16%
HFC,$11.80 M,N/A,$-0.01,N/A
HANK,$3.84 M,N/A,$-0.05,N/A
HCC,"$851,592",5.71,$0.00,N/A
HAN,$25.02 M,N/A,$-0.01,N/A
HCO.P,"$270,000",N/A,$-0.01,N/A
HANS,$2.36 M,N/A,$-0.03,N/A
HAPB,$7.10 M,N/A,$-0.11,N/A
HBFG,$17.15 M,N/A,$-0.03,N/A
HAR,$13.06 M,N/A,$-0.06,N/A
HARY,$8.87 M,N/A,$-0.01,N/A
HVG,"$783,313",N/A,$-0.01,N/A
REZN,$1.40 M,N/A,$0.00,N/A
HAVN,"$127,422",N/A,$-3.76,N/A
HAWK,"$580,197",N/A,$-0.02,N/A
HWTN,N/A,N/A,N/A,N/A
HWX,$1.43 B,10.04,$0.64,6.26%
HWG,$16.11 M,N/A,$-0.02,N/A
HMC,N/A,N/A,N/A,N/A
HSTR,$72.41 M,N/A,$-0.14,N/A
HX,$9.24 M,N/A,N/A,N/A
HBP,$42.00 M,N/A,$-0.03,N/A
HME,$126.59 M,5.92,$0.21,8.06%
HEM,$10.23 M,N/A,$-0.08,N/A
HMPS,"$482,586",N/A,$-0.07,N/A
HMPG,$1.02 M,N/A,$-0.48,N/A
HERB,$6.13 M,N/A,$-0.01,N/A
HERC,N/A,N/A,N/A,N/A
BIG,$19.03 M,N/A,$-0.02,N/A
CANN,$9.16 M,N/A,$-0.04,N/A
HML,$2.98 M,N/A,N/A,N/A
HRX,$480.67 M,35.49,$0.40,N/A
HZ,N/A,N/A,N/A,N/A
HEXO,$82.86 M,N/A,$-8.70,N/A
HWO,$62.38 M,N/A,$-0.71,4.72%
HITI,$138.71 M,N/A,$-0.98,N/A
HTRC,$10.86 M,N/A,$-0.05,N/A
HBK,"$896,713",N/A,$-0.09,N/A
HCM.H,"$468,651",N/A,$-0.23,N/A
HIGH,$60.14 M,N/A,$-0.02,N/A
HI,$58.91 M,N/A,$-0.01,N/A
HSLV,$7.29 M,N/A,$-0.01,N/A
HRK,N/A,N/A,N/A,N/A
HWY,$5.83 M,5.15,$0.03,N/A
HAM,$54.13 M,24.64,$0.37,N/A
HILL,$3.38 M,N/A,$-0.01,N/A
HEAT,$35.86 M,N/A,$-0.02,N/A
ESPN,$4.82 M,N/A,$-0.03,N/A
HIVE,$350.14 M,N/A,$-4.00,N/A
HIVE.WT,N/A,N/A,N/A,N/A
HVW,N/A,N/A,N/A,N/A
HLS,$145.58 M,N/A,$-1.05,4.71%
HCG,$1.65 B,11.05,$3.94,1.38%
HMR,$19.90 M,N/A,$-0.04,N/A
TUF,$4.99 M,N/A,$-0.05,N/A
HVII.P,N/A,N/A,N/A,N/A
HPL.H,$2.75 M,N/A,$-0.01,N/A
HZM,$632.24 M,N/A,$-0.04,N/A
HCH,$109.03 M,N/A,$-0.03,N/A
HCH.WT,N/A,N/A,N/A,N/A
HPQ,$76.80 M,N/A,$-0.03,N/A
HS,$13.30 M,N/A,$-0.15,N/A
HUD,$4.46 M,N/A,$0.00,N/A
HOC,"$521,309",N/A,$-0.04,N/A
HMAN,$1.10 M,N/A,$-0.54,N/A
HUT,$574.68 M,N/A,$-1.04,N/A
HUT.WTA,N/A,N/A,N/A,N/A
NURS,$6.28 M,N/A,$-0.10,N/A
H,$23.42 B,22.85,$1.70,3.05%
HG,$4.03 M,N/A,$-0.03,N/A
ITE,$369.15 M,3.81,$0.08,5.63%
IAU,$834.81 M,6.93,$0.45,N/A
IAG,$8.97 B,9.98,$8.82,3.48%
IMG,$1.80 B,N/A,$-0.77,N/A
HMBL,$8.69 M,N/A,$-0.16,N/A
HOC,"$521,309",N/A,$-0.04,N/A
HMAN,$1.10 M,N/A,$-0.54,N/A
HUT,$574.68 M,N/A,$-1.04,N/A
HUT.WTA,N/A,N/A,N/A,N/A
NURS,$6.28 M,N/A,$-0.10,N/A
H,$23.42 B,22.85,$1.70,3.05%
HG,$4.03 M,N/A,$-0.03,N/A
HYTN,$3.11 M,N/A,$-0.26,N/A
ITE,$369.15 M,3.81,$0.08,5.63%
IAU,$834.81 M,6.93,$0.45,N/A
IAG,$8.97 B,9.98,$8.82,3.48%
IMG,$1.80 B,N/A,$-0.77,N/A
IAN,$257.81 M,N/A,$-0.85,N/A
IB,$7.01 M,N/A,$-0.05,N/A
IBT,$20.08 M,14.72,$0.06,N/A
IC,$8.37 M,N/A,$-0.01,N/A
ISFT,$3.36 M,N/A,$-0.01,N/A
ICM,$11.07 M,N/A,$-0.01,N/A
ITKO,$20.23 M,N/A,$-0.02,N/A
ID,$1.32 M,N/A,$0.00,N/A
IFA,$37.28 M,63.08,$0.02,N/A
IGN,$2.71 M,N/A,$0.00,N/A
IGM,$9.28 B,8.99,$4.32,5.79%
IMCC,$17.99 M,N/A,$-25.44,N/A
IFX,$70.88 M,7.79,$0.18,N/A
IME,$1.19 M,N/A,$-0.10,N/A
ILI,$19.85 M,N/A,$-0.01,N/A
IP,$8.14 M,N/A,$-0.01,N/A
IMR,$8.73 M,N/A,$-0.07,N/A
IPT,$44.46 M,N/A,$-0.02,N/A
IEI,$44.61 M,5.35,$0.88,1.69%
IGP,$9.80 M,8.68,$0.16,N/A
III,$275.67 M,N/A,$-0.51,N/A
IPG,$12.92 M,N/A,$0.00,N/A
IMO,$36.96 B,5.44,$11.89,3.10%
INCA,$6.29 M,N/A,$-0.14,N/A
IGO,$13.49 M,N/A,$-0.02,N/A
IBH,$1.78 M,N/A,$-0.11,N/A
IDG,$54.97 M,N/A,$-1.13,N/A
INEO,$5.12 M,N/A,$-0.05,N/A
INFD,"$851,820",N/A,$-0.05,N/A
IAI,$7.59 M,N/A,$-0.02,N/A
INFI,$3.63 M,N/A,$-0.17,N/A
GEMS,$4.80 M,N/A,$-0.05,N/A
AUCU,$18.43 M,N/A,$-0.01,N/A
ISV,$371.73 M,12.20,$1.69,4.47%
INE,$2.81 B,N/A,$-0.33,5.24%
INE.PRC,N/A,N/A,N/A,7.06%
INE.PRA,N/A,N/A,N/A,6.11%
INNO,$63.37 M,N/A,$-0.02,N/A
IOT,$5.06 M,N/A,$0.00,N/A
MINE,$2.17 M,N/A,$-0.01,N/A
INO.UT,$117.68 M,N/A,$-1.14,11.65%
IPO,$219.62 M,3.13,$0.82,7.03%
INSP,$12.69 M,N/A,$-0.06,N/A
ISGI,$1.43 M,N/A,$-0.02,N/A
IFC,$35.68 B,15.57,$12.98,2.18%
IFC.PRE,N/A,N/A,N/A,6.05%
IFC.PRK,N/A,N/A,N/A,6.10%
IFC.PRF,N/A,N/A,N/A,5.94%
IFC.PRI,N/A,N/A,N/A,5.92%
IFC.PRG,N/A,N/A,N/A,6.12%
IFC.PRA,N/A,N/A,N/A,7.04%
IFC.PRC,N/A,N/A,N/A,5.28%
ITR,$111.76 M,N/A,$-0.37,N/A
IGX,$37.75 M,N/A,$-0.09,N/A
IFP,$1.14 B,7.69,$2.76,N/A
IMP,$18.59 M,N/A,$-0.18,N/A
IBAT,$145.21 M,N/A,$-0.11,N/A
CLP.UT,$120.04 M,N/A,$-0.76,7.03%
ICON,$2.53 M,N/A,$-0.01,N/A
ILC,$14.91 M,N/A,$-0.01,N/A
IMM,$4.03 M,N/A,$-0.52,N/A
IPCO,$1.55 B,4.48,$2.67,N/A
IZZ,$2.28 M,N/A,$-0.01,N/A
ITH,$123.05 M,N/A,$-0.02,N/A
IZ,$4.13 M,N/A,$-0.02,N/A
IMCX,$10.06 M,N/A,$-0.04,N/A
IIP.UT,$1.94 B,21.01,$0.64,2.69%
IRO,$15.84 M,N/A,$-0.04,N/A
TIDE.P,N/A,N/A,N/A,N/A
INX,$9.95 M,16.53,$0.02,N/A
INTR,$6.84 M,N/A,$-0.05,N/A
IVS,$10.56 M,N/A,$-0.01,N/A
IVQ,$64.06 M,N/A,$-1.17,N/A
IZN,$3.06 M,N/A,$-0.01,N/A
ICY.P,N/A,N/A,N/A,N/A
ION,$13.54 M,N/A,$-0.04,N/A
IOU,$12.11 M,N/A,$0.00,N/A
ISD,$2.27 M,N/A,$-0.01,N/A
ISM,N/A,N/A,N/A,N/A
ISO,$265.00 M,N/A,$-0.10,N/A
IFOS,$319.02 M,2.26,$0.76,N/A
IE,$1.57 B,N/A,$-2.42,N/A
IVN,$13.65 B,21.49,$0.50,N/A
IZO,$18.41 M,N/A,$-0.12,N/A
JJJJ.P,"$393,000",N/A,$-0.01,N/A
JNH,$3.82 M,N/A,$-0.07,N/A
JJ,$8.51 M,N/A,$-0.05,N/A
JADE,$2.39 M,N/A,$-0.01,N/A
JPWR.H,$1.22 M,0.03,$1.60,N/A
JAEG.H,"$574,600",N/A,$0.00,N/A
JAG,$167.40 M,4.08,$0.54,7.24%
JBR,$3.54 M,N/A,$-0.04,N/A
JWEL,$1.33 B,26.48,$1.18,2.18%
JG,$43.58 M,N/A,$-0.02,N/A
JPIM,$2.03 M,N/A,$-0.15,N/A
JPIM.WT,N/A,N/A,N/A,N/A
JAX,$5.04 M,N/A,$0.00,N/A
JDN,$5.85 M,N/A,$-0.01,N/A
JEV,$59.90 M,N/A,$-0.03,N/A
JRV,$179.56 M,N/A,$-0.05,N/A
JKS,$8.86 M,N/A,N/A,N/A
JCI.H,"$138,000",N/A,$-0.02,N/A
JSDA,$27.15 M,N/A,$-0.08,N/A
JOR,$20.41 M,N/A,$-0.02,N/A
JOY,$323.19 M,2.39,$2.52,N/A
JUGR,$6.08 M,N/A,$-0.01,N/A
JUSH,$129.78 M,N/A,$-1.53,N/A
JK,$5.64 M,N/A,$-0.22,N/A
VTAL,$1.51 M,N/A,$-0.06,N/A
JUVA,$9.84 M,N/A,$-0.08,N/A
JVR.P,N/A,N/A,N/A,N/A
JZR,$15.60 M,N/A,$-0.09,N/A
KTO,$14.27 M,N/A,$-0.02,N/A
KNC,$2.82 M,N/A,$-0.04,N/A
KNT,$1.43 B,40.93,$0.15,N/A
KDSX,$39.19 M,N/A,$-0.10,N/A
KRL,$4.40 M,N/A,$-0.03,N/A
KZD,$9.87 M,N/A,$-0.05,N/A
KALO,$4.58 M,N/A,$-0.04,N/A
KNE,$13.73 M,N/A,$-0.03,N/A
KAPA,$3.80 M,N/A,N/A,N/A
KRN,$11.99 M,N/A,$-0.03,N/A
KRR,$901.84 M,79.84,$0.06,N/A
FUND,$20.03 M,N/A,$-0.02,N/A
KYS.H,$1.50 M,3.94,$0.02,N/A
KBL,$338.17 M,53.08,$0.59,3.82%
KDA,$11.11 M,N/A,$-0.01,N/A
KLS,$17.38 M,N/A,$-0.05,N/A
KEL,$1.09 B,6.73,$0.84,N/A
KLD,$38.50 M,2.59,$0.28,N/A
KLM,"$598,151",N/A,$-0.01,N/A
KES,$3.25 M,70.00,$0.00,N/A
KIP,$23.70 M,N/A,$-0.01,N/A
KITS,$146.92 M,N/A,$-0.11,N/A
KEC,$560.24 M,2.20,$6.05,N/A
KLX,$5.84 M,N/A,$-0.07,N/A
KG,$15.55 M,N/A,$0.00,N/A
KS,$9.19 M,N/A,$0.00,N/A
KMC.H,$1.06 M,4.17,$0.01,N/A
KSI,$211.76 M,N/A,$-0.11,N/A
GUD,$558.82 M,N/A,$-0.13,N/A
KRI,$10.76 M,N/A,$-0.04,N/A
KDK,$41.16 M,N/A,$-0.03,N/A
FIT,$3.97 M,N/A,$-0.63,N/A
KEI,$177.01 M,4.99,$0.99,N/A
YUM,$1.16 M,N/A,$-0.27,N/A
KTN,$37.39 M,N/A,$-0.22,N/A
KOVO,$7.09 M,N/A,$-0.01,N/A
KPT,$103.84 M,N/A,$-2.20,6.94%
PNG,$106.81 M,N/A,$-0.02,N/A
KUR.H,$2.11 M,N/A,$-0.01,N/A
KC,$23.25 M,N/A,$-0.02,N/A
KUU,$3.22 M,0.60,$0.08,N/A
KUYA,$20.26 M,N/A,$-0.15,N/A
KWE,$15.91 M,N/A,$-8.25,N/A
KWG,$28.16 M,N/A,$-0.02,N/A
LAI,"$362,579",N/A,$0.00,N/A
LIF,$1.95 B,7.91,$3.84,6.59%
LTX,"$471,525",N/A,$-0.01,N/A
LUR,$14.53 M,N/A,$-0.14,N/A
LG,$7.30 M,N/A,$-0.03,N/A
LWR.H,$3.88 M,N/A,$-0.03,N/A
LLL,$1.19 M,7.82,$0.01,N/A
LRA,$35.72 M,N/A,$-0.02,N/A
LGO,$335.39 M,N/A,$-0.04,N/A
VAND,$21.41 M,N/A,$-0.27,N/A
LAS.A,$775.07 M,13.89,$8.21,1.75%
LMS,$9.23 M,N/A,$-0.03,N/A
LB,$1.33 B,6.31,$4.87,5.99%
LB.PRH,N/A,N/A,N/A,6.59%
LME,$90.87 M,N/A,$-0.02,N/A
LGC,$12.74 M,N/A,N/A,N/A
LDB.P,N/A,N/A,N/A,N/A
LEM,$33.10 M,N/A,$-0.01,N/A
LEEF,$25.58 M,N/A,$-0.02,N/A
LPS,$28.22 M,N/A,$-0.04,N/A
LECR,$5.74 M,N/A,$-0.01,N/A
LTV,"$731,535",N/A,$-0.15,N/A
LNF,$1.42 B,8.30,$2.47,3.12%
LP,$1.69 M,N/A,$-0.02,N/A
LET.H,"$921,180",N/A,$-0.04,N/A
LVL,$15.13 M,N/A,$-0.01,N/A
JUMP,$7.98 M,38.00,$0.00,N/A
LVX,$2.33 M,N/A,$-0.01,N/A
LILI,$6.45 M,N/A,$-0.04,N/A
LBC,$8.98 M,N/A,$-0.21,N/A
SCAN,$19.86 M,N/A,$-0.17,N/A
LGD,$162.79 M,N/A,$-0.08,N/A
LBS.PRA,N/A,N/A,N/A,5.51%
LFST,$20.52 M,N/A,$-0.04,N/A
LSPK,$24.47 M,N/A,$-0.64,N/A
LIFT,$376.71 M,N/A,$-0.05,N/A
LSD.H,"$524,776",N/A,$-0.02,N/A
LIM,$51.13 M,N/A,N/A,N/A
LNR,$4.01 B,9.18,$7.07,1.36%
LMG,$1.16 M,N/A,$-0.27,N/A
LX.H,$1.59 M,N/A,$0.00,N/A
LEO,$24.77 M,N/A,$-0.01,N/A
LEV.WT,N/A,N/A,N/A,N/A
LEV.WTA,N/A,N/A,N/A,N/A
LIO,$122.06 M,N/A,$-0.02,N/A
LIO.WT,N/A,N/A,N/A,N/A
ROAR,$2.65 M,N/A,$-0.05,N/A
LBI,$3.55 M,N/A,$-0.03,N/A
LAC,$4.79 B,N/A,$-0.51,N/A
LITH,$139.65 M,N/A,$-0.02,N/A
LEXI,$33.29 M,N/A,$-0.02,N/A
LTH,$274.75 M,N/A,$-0.28,N/A
LONE,$11.85 M,N/A,$-0.10,N/A
LIRC,$384.65 M,31.01,$0.49,N/A
LIS,$66.59 M,N/A,$-0.09,N/A
LBNK,$33.37 M,N/A,$-0.14,N/A
LBNK.WT,N/A,N/A,N/A,N/A
LOBE,$2.69 M,N/A,$-0.16,N/A
L,$39.48 B,20.77,$5.75,1.49%
L.PRB,N/A,N/A,N/A,5.98%
LODE,$11.64 M,N/A,N/A,N/A
LSTR,$1.91 M,N/A,$-0.06,N/A
LGT.A,$566.96 M,13.15,$4.16,0.86%
LGT.B,$566.96 M,13.39,$4.16,0.93%
LN,$59.91 M,N/A,$-0.02,N/A
LPEN,$20.20 M,N/A,$-1.08,N/A
LRDS,$1.16 M,N/A,$-1.39,N/A
LPC,$67.23 M,31.25,$0.04,2.24%
LA,$346.19 M,N/A,$-0.34,N/A
J,$4.05 M,N/A,$-0.07,N/A
JOLT,"$756,341",N/A,$-0.01,N/A
LRC.H,$1.56 M,N/A,$-0.02,N/A
LOWL,$5.65 M,N/A,$-0.28,N/A
LQWD,$6.97 M,N/A,$-2.78,N/A
LSL,$24.89 M,N/A,$0.00,N/A
LUCA,$39.28 M,0.92,$0.41,N/A
LUC,$227.29 M,7.45,$0.06,N/A
LOU,$314.65 M,3.47,$0.14,N/A
LKY,$6.09 M,N/A,$-0.03,N/A
LUM,$207.00 M,N/A,$-0.08,N/A
LMN,$1.23 B,N/A,N/A,N/A
LR,$38.36 M,N/A,$-0.10,N/A
LUG,$4.08 B,31.88,$0.55,4.07%
LUN,$8.26 B,25.54,$0.41,3.46%
LPK,$1.53 M,N/A,$-0.02,N/A
LUXX,"$742,179",N/A,$-0.30,N/A
LXR,$10.97 M,N/A,$-0.02,N/A
LCX,$139.99 M,N/A,$-0.09,N/A
XMF.PRB,N/A,N/A,N/A,7.89%
XMF.PRC,N/A,N/A,N/A,N/A
MCT.P,N/A,N/A,N/A,N/A
MMS,$25.68 M,N/A,$-0.02,N/A
BMK,$1.64 M,N/A,$-0.06,N/A
MKZ.UT,$3.51 M,6.58,$0.09,15.18%
GREN,$7.27 M,N/A,$-0.13,N/A
MPC.C,$330.73 M,4.94,$1.12,1.91%
MDM,$3.12 M,N/A,$-0.02,N/A
MAG,$1.64 B,61.89,$0.26,N/A
MAL,$447.43 M,N/A,$-0.28,1.30%
MG,$20.37 B,34.41,$2.06,3.52%
NICU,$85.81 M,N/A,$-0.20,N/A
MTT,$2.35 M,N/A,$-0.03,N/A
MNC,$1.58 M,0.70,$0.04,N/A
MGI,$1.10 M,N/A,$-0.01,N/A
MJS,$99.05 M,6.99,$0.01,N/A
MDI,$829.49 M,10.47,$0.92,N/A
JUBA,$6.58 M,N/A,$-0.32,N/A
MKO,$128.35 M,N/A,$-0.24,N/A
MTH,$1.68 M,N/A,$0.00,N/A
MND,$205.25 M,12.04,$0.19,N/A
MAND.P,N/A,N/A,N/A,N/A
MN,$20.91 M,N/A,$-0.03,N/A
MNX,$7.22 M,N/A,$-0.38,N/A
MG,$20.37 B,34.41,$2.06,3.52%
NICU,$85.81 M,N/A,$-0.20,N/A
MTT,$2.35 M,N/A,$-0.03,N/A
MNC,$1.58 M,0.70,$0.04,N/A
MGI,$1.10 M,N/A,$-0.01,N/A
MEQ,$1.31 B,11.47,$12.21,N/A
MJS,$99.05 M,6.99,$0.01,N/A
MDI,$829.49 M,10.47,$0.92,N/A
JUBA,$6.58 M,N/A,$-0.32,N/A
MAKA,"$983,735",N/A,$-0.03,N/A
MKO,$128.35 M,N/A,$-0.24,N/A
MTH,$1.68 M,N/A,$0.00,N/A
MND,$205.25 M,12.04,$0.19,N/A
MAND.P,N/A,N/A,N/A,N/A
MN,$20.91 M,N/A,$-0.03,N/A
MNX,$7.22 M,N/A,$-0.38,N/A
MTU,$20.67 M,N/A,$0.00,N/A
MANN,$1.27 M,N/A,$-0.02,N/A
MNTR,$2.63 M,N/A,$-0.03,N/A
MFC,$48.57 B,8.84,$2.89,5.71%
MFC.PRC,N/A,N/A,N/A,6.13%
MFC.PRB,N/A,N/A,N/A,6.17%
MFC.PRQ,N/A,N/A,N/A,5.67%
MFC.PRK,N/A,N/A,N/A,6.25%
MFC.PRM,N/A,N/A,N/A,5.99%
MFC.PRP,N/A,N/A,N/A,8.11%
MFC.PRI,N/A,N/A,N/A,6.71%
MFC.PRJ,N/A,N/A,N/A,7.09%
MFC.PRL,N/A,N/A,N/A,5.89%
MFC.PRN,N/A,N/A,N/A,5.80%
MBI.H,"$345,157",N/A,$0.00,N/A
MGM,$57.57 M,N/A,$-0.03,N/A
MFI,$3.34 B,N/A,$-3.11,3.21%
MGW,$1.49 M,N/A,$-0.04,N/A
MOZ,$324.55 M,N/A,$-0.01,N/A
MRBL,$6.60 M,N/A,$-0.05,N/A
DIA,"$711,184",N/A,$-0.08,N/A
MARI,$352.11 M,N/A,$-0.02,N/A
MRMD,$225.07 M,21.21,$0.03,N/A
MAE,$14.01 M,N/A,$0.00,N/A
MAH,$7.50 M,N/A,$0.00,N/A
MRE,$975.90 M,6.27,$1.94,1.65%
MRVL,$2.68 M,N/A,$-0.04,N/A
MARV,$8.92 M,N/A,$-0.01,N/A
MAR.UT,$18.55 M,2.52,$0.24,2.46%
MAS,$6.14 M,N/A,$-0.02,N/A
MASS,$3.29 M,N/A,$-0.04,N/A
LLG,$32.50 M,15.72,$0.02,N/A
MAW,$48.64 M,N/A,$-0.02,N/A
MAXX,$20.08 M,N/A,$-0.07,N/A
MAX,$18.62 M,N/A,$-0.04,N/A
MXG,$196.32 M,7.39,$0.51,N/A
MFG,$159.16 M,N/A,$-0.21,N/A
MLKM,N/A,N/A,N/A,N/A
MAZ.H,$5.39 M,N/A,$-0.01,N/A
MKP,$563.99 M,8.58,$1.92,8.75%
MCB,$42.05 M,4.55,$0.32,2.74%
MUX,$505.51 M,N/A,$-2.90,N/A
MCF,$44.58 M,N/A,$0.00,N/A
DRDR,$14.63 M,N/A,$-0.48,N/A
MCL,$5.62 M,N/A,$-0.01,N/A
MCLD,$7.95 M,N/A,$-2.32,N/A
MCX,"$502,205",N/A,$-0.02,N/A
MDA,$964.96 M,29.66,$0.28,N/A
MDF,$153.90 M,N/A,$-2.04,N/A
MDL,$3.86 M,N/A,$-0.02,N/A
MEDA,$8.76 M,N/A,$-0.21,N/A
MDP,$26.18 M,N/A,$-0.71,N/A
MVP,$50.56 M,N/A,$-0.27,N/A
DR,$219.55 M,38.92,$0.22,3.83%
MDNA,$46.16 M,N/A,$-0.16,N/A
MPH,$11.43 M,7.82,$0.13,N/A
LABS,$27.31 M,N/A,$-0.09,N/A
MMEN,$41.19 M,N/A,$-0.13,N/A
MIR,$62.77 M,N/A,$0.00,N/A
MNOW,$2.54 M,N/A,$-1.28,N/A
MDX,$14.70 M,N/A,$-0.03,N/A
MEED.P,"$302,500",N/A,$0.00,N/A
MEG,$6.26 B,10.53,$2.03,N/A
MGA,$66.54 M,N/A,$-0.05,N/A
MEGA,$1.88 M,N/A,$-1.38,N/A
MRD,$367.80 M,4.16,$2.78,5.54%
MR.UT,$60.69 M,4.41,$1.07,10.17%
OEE,$1.38 M,N/A,$0.00,N/A
MENE,$89.60 M,N/A,$-0.01,N/A
MNO,$83.82 M,N/A,$-0.07,N/A
MYR,"$557,789",N/A,$-0.02,N/A
MERG,$2.86 M,N/A,$-0.06,N/A
MTX,$10.08 M,5.36,$0.01,N/A
METL,$1.78 M,N/A,$-0.03,N/A
MTA,$317.85 M,N/A,$-0.29,N/A
MMG,$58.09 M,N/A,$-0.04,N/A
MTS,$3.94 M,N/A,$-0.01,N/A
MET,$4.72 M,2.33,$1.14,N/A
MQM,$3.23 M,N/A,$-0.02,N/A
MMAX,$133.55 M,N/A,$-0.78,N/A
MWRK,$9.42 M,N/A,$-0.09,N/A
MX,$3.99 B,11.77,$4.91,1.74%
MRU,$17.50 B,19.51,$3.75,1.65%
MEX,$2.23 M,N/A,$-0.03,N/A
MBX,$57.46 M,N/A,$-0.01,N/A
MRM,$71.86 M,N/A,$0.00,N/A
MD,$43.04 M,N/A,$-0.02,N/A
MMA,$28.82 M,N/A,$-0.03,N/A
MJEM,"$224,353",N/A,$-0.06,N/A
MILL,$1.72 M,N/A,$-0.01,N/A
MLP,$19.99 M,N/A,$-0.08,N/A
MSC,$1.11 M,N/A,$0.00,N/A
MIM,$11.90 M,N/A,$-0.09,N/A
MSP,$2.43 M,N/A,$-0.02,N/A
MGG,$66.00 M,N/A,$-0.02,N/A
MMM,$3.36 M,N/A,$-0.06,N/A
MSV,$12.21 M,3.86,$0.05,N/A
MBIO,N/A,N/A,N/A,N/A
MSET,$27.15 M,N/A,$-0.05,N/A
MHUB,$16.30 M,N/A,$-0.16,N/A
MAI,$160.19 M,27.60,$0.01,N/A
MIRL,$11.22 M,N/A,$-0.05,N/A
MMV,$9.30 M,N/A,$-0.01,N/A
MSA,$189.29 M,20.52,$0.03,14.11%
MVAI,$3.46 M,N/A,$-0.04,N/A
MNLX,N/A,N/A,N/A,N/A
MINK,$1.80 M,N/A,$-0.10,N/A
MCI,$3.84 M,N/A,$-0.01,N/A
MSR,$147.50 M,N/A,$-0.02,N/A
MI.UT,$609.06 M,6.83,$2.24,3.21%
MRZ,$69.70 M,N/A,$-0.13,N/A
MRS,$13.20 M,N/A,$-0.11,N/A
MIS,$8.33 M,N/A,$-0.02,N/A
MKA,$51.07 M,N/A,$-0.04,N/A
MOS,$2.66 M,N/A,$-0.02,N/A
MBLM,$2.41 M,N/A,$-0.09,N/A
MEAT,$11.78 M,N/A,$-0.23,N/A
MOGO,$77.97 M,N/A,$-2.03,N/A
MOJO,"$563,334",N/A,$-0.01,N/A
MLCL,$1.96 M,N/A,$-0.04,N/A
TPX.B,$18.11 B,N/A,$-1.25,2.42%
MOLT,$1.86 M,N/A,$-0.03,N/A
MMN,$1.90 M,N/A,$-0.01,N/A
GBAR,$13.41 M,N/A,$-0.58,N/A
ME,$111.98 M,N/A,$-0.20,N/A
YAK,$33.04 M,6.07,$0.20,N/A
MNG,$2.09 M,N/A,$-0.01,N/A
MVI.H,"$366,257",N/A,$-0.02,N/A
MAU,$107.54 M,N/A,$-0.09,N/A
MY,"$706,975",N/A,$-0.08,N/A
MON,$1.55 M,N/A,$-0.01,N/A
MONT,$26.08 M,32.02,$0.01,N/A
MONT.PRA,N/A,N/A,N/A,8.42%
MNRL,$2.89 M,N/A,$-0.07,N/A
MOO.P,"$800,800",N/A,$0.00,N/A
MVY,$12.40 M,N/A,$-0.01,N/A
MRC,$1.14 B,N/A,$-10.91,0.59%
MRG.UT,$965.45 M,12.11,$1.42,4.18%
MRT.UT,$346.91 M,N/A,$-2.16,4.43%
MOX,$27.24 M,N/A,$0.00,1.89%
MOC,$5.42 M,N/A,$-0.01,N/A
MPVD,$101.24 M,1.96,$0.25,N/A
MVMD,$19.78 M,N/A,$-0.02,N/A
MPXI,"$721,613",N/A,$-0.20,N/A
MTB,$9.55 M,N/A,$-0.02,N/A
MTY,$1.46 B,18.13,$3.13,1.62%
MTL,$1.46 B,8.87,$1.77,4.58%
MUN,$21.80 M,N/A,$-0.02,N/A
MUR,$14.18 M,N/A,$-0.03,N/A
MUSK,$2.21 M,N/A,$-0.03,N/A
MGRO,$104.78 M,N/A,$-0.11,N/A
MUZU,$2.03 M,N/A,$-0.05,N/A
MXL.H,$1.21 M,20.83,$0.00,N/A
MYND,$2.34 M,N/A,$-0.07,N/A
M,$6.43 M,N/A,$-0.03,N/A
MEAL,"$242,129",N/A,$-0.06,N/A
URL,$16.21 M,N/A,$-0.02,N/A
NMI,$21.63 M,N/A,$0.00,N/A
NSCI,$49.00 M,N/A,$-0.10,N/A
NANO,$283.31 M,N/A,$-0.20,N/A
NSHS,"$256,880",N/A,$-0.03,N/A
GRA,$459.47 M,N/A,$-0.08,N/A
NATN,N/A,N/A,N/A,N/A
NA,$34.59 B,10.70,$9.47,3.83%
NA.PRS,N/A,N/A,N/A,5.93%
NA.PRW,N/A,N/A,N/A,5.81%
NA.PRE,N/A,N/A,N/A,5.57%
NA.PRC,N/A,N/A,N/A,6.95%
NA.PRG,N/A,N/A,N/A,5.82%
NSP,"$771,457",N/A,$-0.13,N/A
NAV,$2.01 M,N/A,$-0.02,N/A
NDAT,$2.32 M,N/A,$-0.04,N/A
NBLY,$924.97 M,"4,604.44",$0.00,0.87%
NBM,$21.44 M,N/A,$-0.02,N/A
NEO,$390.05 M,10.96,$0.81,4.52%
NPRA,$2.34 M,N/A,$-0.14,N/A
NPRA.WT,N/A,N/A,N/A,N/A
NDA,$28.73 M,N/A,$-0.22,N/A
NERD,$5.36 M,N/A,$-0.01,N/A
NGEN,$94.47 M,N/A,$-0.37,N/A
AIAI,$17.95 M,N/A,$-0.27,N/A
NTE,$4.63 M,4.85,$0.01,N/A
NPTH,$8.55 M,N/A,$-0.08,N/A
NU,$1.66 M,N/A,$0.00,N/A
NCU,$202.58 M,N/A,$-1.07,N/A
NKG,$130.93 M,N/A,$-0.06,N/A
NOP,N/A,N/A,N/A,N/A
NEV,$12.48 M,N/A,$-0.03,N/A
NZN,$4.48 M,N/A,$-0.01,N/A
VDO.H,"$488,763",N/A,$-0.02,N/A
NAU,$22.86 M,N/A,$-0.04,N/A
NAM,$12.22 M,N/A,$0.00,N/A
ENRG,$5.14 M,N/A,$0.00,N/A
NFG,$1.03 B,N/A,$-0.51,N/A
VFI.X,"$130,682",N/A,$-0.06,N/A
NGD,$1.19 B,N/A,$-0.18,N/A
NLV,$4.97 M,N/A,$-0.25,N/A
NUAG,$510.41 M,N/A,$-0.07,N/A
NSE,$30.81 M,1.52,$0.16,N/A
NEW,$1.62 M,N/A,$-0.01,N/A
SPOR,"$919,263",N/A,$-0.25,N/A
NZ,$1.86 M,N/A,$-0.02,N/A
NEWD,$2.80 M,N/A,$-0.01,N/A
LUX,$25.52 M,N/A,$-0.01,N/A
NGT,$46.87 B,N/A,$-0.96,3.80%
NEWO,$2.07 M,N/A,$-0.02,N/A
PATH,$1.82 M,N/A,$-1.76,N/A
NWX,$27.98 M,6.78,$0.04,14.81%
NEWU,$7.08 M,N/A,$-0.07,N/A
NEXE,$40.57 M,N/A,$-0.06,N/A
NGY,$2.19 M,N/A,$-0.10,N/A
NXE,$2.55 B,N/A,$-0.08,N/A
NXLV,$37.90 M,4.92,$0.03,1.60%
NXO,$8.11 M,N/A,$-0.03,N/A
NTAR,$70.79 M,N/A,$-0.32,N/A
NEXT,$221.53 M,8.41,$0.24,N/A
NXS,$2.23 M,N/A,$-0.07,N/A
NXR.UT,$794.30 M,6.68,$1.35,7.10%
GASX,$81.33 M,N/A,$-0.09,N/A
NGEX,$1.16 B,N/A,$-0.23,N/A
NICN,N/A,N/A,N/A,N/A
NCP,$13.02 M,N/A,$0.00,N/A
NNX,$2.01 M,N/A,$-0.01,N/A
NIM,$43.80 M,N/A,$0.00,N/A
NHK,$74.97 M,N/A,$-0.19,N/A
NHK.WT,N/A,N/A,N/A,N/A
NINE,$13.69 M,N/A,$-0.05,N/A
NIO,$7.57 M,N/A,$-0.01,N/A
NBY,$6.06 M,N/A,$-0.06,N/A
NB,$203.65 M,N/A,$-0.44,N/A
NIRV,N/A,N/A,N/A,N/A
NOAL,$1.20 M,N/A,$-0.01,N/A
NBLC,$3.42 M,N/A,$-0.04,N/A
NIR.H,$8.18 M,N/A,$-0.15,N/A
NMG.H,"$512,417",N/A,$0.00,N/A
NOB,$10.08 M,N/A,$-0.04,N/A
NRM,$62.19 M,93.24,$0.01,N/A
NOCR,"$795,367",N/A,$-0.02,N/A
CHCK,N/A,N/A,N/A,N/A
VKG.H,$1.06 M,N/A,$0.00,N/A
NOC,$4.45 M,N/A,$-0.08,N/A
NOM,$14.20 M,N/A,$-0.10,N/A
NVT,$1.53 M,N/A,$-0.01,N/A
FFN.PRA,N/A,N/A,N/A,8.17%
NAR,$7.25 M,N/A,$-0.01,N/A
NPR,$29.32 M,N/A,$-0.19,N/A
NVR,"$596,000",N/A,$-0.01,N/A
NWC,$1.83 B,15.00,$2.51,4.03%
NCF,$11.49 M,N/A,$-0.01,N/A
NDM,$150.99 M,N/A,$-0.05,N/A
NGC,$46.82 M,N/A,$-0.14,N/A
NLR,"$512,643",N/A,$-0.01,N/A
SUP,$54.54 M,22.39,$0.02,N/A
UNO.H,$1.62 M,N/A,$0.00,N/A
NPI.PRA,N/A,N/A,N/A,5.26%
NPI.PRB,N/A,N/A,N/A,8.81%
ROOF,$13.04 M,N/A,$-0.08,N/A
ROOF.WT,N/A,N/A,N/A,N/A
BET,N/A,N/A,N/A,N/A
NBR,$3.90 M,N/A,$-0.01,N/A
NGMD,$17.52 M,N/A,$-0.14,N/A
NWI,$2.87 M,N/A,$0.00,N/A
NUMI,$41.00 M,N/A,$-0.20,N/A
NUR,$9.52 M,N/A,$-0.29,N/A
NRX,$6.29 M,N/A,$-0.24,N/A
NTR,$41.85 B,4.90,$16.61,3.51%
NVEI,$6.07 B,113.21,$0.39,N/A
NVA,$2.55 B,4.26,$2.74,N/A
NVX,$5.20 M,N/A,$-0.01,N/A
SFD,$15.14 M,N/A,$-0.09,N/A
OIII,$110.95 M,N/A,$-0.05,N/A
OBRN,N/A,N/A,N/A,N/A
OBE,$662.14 M,0.85,$9.85,N/A
OGC,$2.01 B,17.50,$0.16,0.96%
FEO,$7.74 M,N/A,$-0.01,N/A
NKW.H,$3.95 M,N/A,$0.00,N/A
OSIX,$10.08 M,N/A,$-0.03,N/A
OVT,$10.27 M,N/A,$-0.02,N/A
OTC,$11.58 M,N/A,$-0.02,N/A
ODD,$6.82 M,N/A,$-0.05,N/A
OC,$2.77 M,N/A,$-0.05,N/A
OLY,$188.42 M,11.26,$7.11,6.75%
OMG,$19.95 M,N/A,$-0.02,N/A
OMM,$11.68 M,N/A,$-0.01,N/A
OML,$8.17 M,N/A,$-0.17,N/A
ONC,$149.34 M,N/A,$-0.41,N/A
OWLI,$7.18 M,N/A,$-0.01,N/A
OEG.H,"$959,000",N/A,$-0.06,N/A
ONEX,$4.80 B,N/A,$-2.15,0.65%
OOOO,$1.87 M,N/A,$-0.08,N/A
OTEX,$15.21 B,36.57,$1.50,2.38%
OPHR,$19.73 M,N/A,$-0.01,N/A
OPS,$165.90 M,N/A,$-0.12,N/A
OPTI,$20.83 M,N/A,$-0.08,N/A
OMND,$2.44 M,N/A,$-0.03,N/A
OPV,$6.83 M,N/A,$-0.05,N/A
OOR,$4.64 M,N/A,$-0.01,N/A
OEC.H,$1.64 M,N/A,$-0.01,N/A
OGD,$29.52 M,7.80,$0.10,N/A
ORC.B,$208.69 M,3.21,$1.57,5.89%
OREA,$21.56 M,N/A,$-0.17,N/A
OCI,$12.39 M,N/A,$0.00,N/A
ORS,$1.70 M,N/A,$-0.01,N/A
REX,$4.68 M,N/A,$-0.01,N/A
ORE,$484.17 M,13.08,$0.11,N/A
ORM,$21.39 M,N/A,$-0.01,N/A
OPC,$1.21 M,N/A,$0.00,N/A
OGO,$25.40 M,N/A,$-0.04,N/A
ORGN,$9.46 M,N/A,$-0.05,N/A
OLA,$1.94 B,34.79,$0.17,N/A
OCO,$163.56 M,N/A,$-0.03,N/A
OGN,$94.98 M,112.77,$0.00,N/A
ONV.H,"$438,028",N/A,$0.00,N/A
OMI,$17.91 M,N/A,$0.00,N/A
ORV,$26.64 M,N/A,$-0.08,N/A
OSI,$186.70 M,N/A,$-0.23,N/A
ODV,$506.83 M,N/A,$-2.55,N/A
ODV.WT,N/A,N/A,N/A,N/A
ODV.WTA,N/A,N/A,N/A,N/A
ODV.WTB,N/A,N/A,N/A,N/A
OR,$4.05 B,94.54,$0.23,1.10%
GOGR.WT,N/A,N/A,N/A,N/A
OM,$60.93 M,N/A,$-0.09,N/A
OSK,$1.12 B,N/A,$-0.09,N/A
OZ,$3.50 M,N/A,$-0.03,N/A
OCG,$38.95 M,N/A,$-0.07,N/A
OAM,$12.47 M,N/A,$-0.46,N/A
OVV,$11.40 B,2.17,$22.55,3.30%
OZLI,$2.81 M,N/A,$-0.05,N/A
PGLD,$19.08 M,N/A,$-0.14,N/A
PXE,$6.53 M,1.70,$0.07,N/A
PAV.H,$2.33 M,N/A,$-0.01,N/A
PBM,$1.77 M,N/A,$0.00,N/A
BKM,$12.61 M,N/A,$-1.93,N/A
PEMC,$2.71 M,N/A,$-0.01,N/A
PAC,$6.27 M,N/A,$-0.15,N/A
PALI,$90.67 M,N/A,$-0.69,N/A
PDM,$35.82 M,N/A,$-0.03,N/A
PM,$7.01 M,N/A,$-0.08,N/A
PNRG,$27.34 M,N/A,$-0.46,N/A
PGZ,$74.25 M,N/A,$-0.04,N/A
PNGA,$7.20 M,N/A,$-0.05,N/A
NARA,$4.73 M,N/A,$-0.14,N/A
PML,$38.33 M,N/A,$0.00,N/A
POU,$4.33 B,5.19,$5.84,4.95%
PKG,$3.93 M,N/A,$-0.02,N/A
PAR.H,$1.02 M,N/A,$-0.02,N/A
PXT,$3.00 B,4.12,$6.77,4.48%
PLC,$855.33 M,31.84,$0.80,1.79%
PKT,$206.46 M,N/A,$-0.02,N/A
PKI,$6.02 B,17.20,$2.01,3.93%
PVF.WT,N/A,N/A,N/A,N/A
PVS.PRK,N/A,N/A,N/A,5.00%
PVS.PRF,N/A,N/A,N/A,4.93%
PVS.PRG,N/A,N/A,N/A,5.13%
PVS.PRI,N/A,N/A,N/A,4.93%
PVS.PRJ,N/A,N/A,N/A,5.00%
PVS.PRH,N/A,N/A,N/A,5.03%
PVIS,"$850,971",N/A,$-0.01,N/A
PSE,$5.78 M,2.84,$0.01,N/A
VEIN,$20.36 M,N/A,$-0.17,N/A
PSI,$957.32 M,7.77,$1.52,4.06%
PGDC,$4.67 M,N/A,$-0.01,N/A
RV,$2.20 M,N/A,N/A,N/A
PHC,$5.15 M,N/A,$-0.09,N/A
PMET,$1.49 B,N/A,$-0.10,N/A
PGOL,$7.06 M,6.29,$0.01,N/A
PAY,$283.72 M,262.50,$0.02,N/A
HE.H,$1.17 M,0.09,$0.69,N/A
PEK,N/A,N/A,N/A,N/A
PRH,$6.83 M,55.56,$0.00,N/A
VBN,$2.61 M,N/A,$-0.01,N/A
PEGA,"$938,748",N/A,$-0.30,N/A
PGA,N/A,N/A,N/A,N/A
PX,$2.28 M,N/A,$-0.02,N/A
PMC,$14.27 M,N/A,$-0.02,N/A
PPL,$23.14 B,8.49,$4.92,6.39%
PPL.PRO,N/A,N/A,N/A,7.46%
PPL.PRQ,N/A,N/A,N/A,6.87%
PPL.PRS,N/A,N/A,N/A,5.73%
PPL.PRA,N/A,N/A,N/A,7.38%
PPL.PFE,N/A,N/A,N/A,6.95%
PPL.PFA,N/A,N/A,N/A,7.07%
PPL.PRG,N/A,N/A,N/A,6.59%
PPL.PRC,N/A,N/A,N/A,6.85%
PPL.PRE,N/A,N/A,N/A,4.97%
PEM.P,N/A,N/A,N/A,N/A
PINK,$114.16 M,N/A,$-0.21,N/A
PERK,$3.01 M,N/A,$-0.02,N/A
OIL,$5.41 M,N/A,$-2.82,N/A
PPTA,$408.73 M,N/A,$-0.57,N/A
PMT,$32.45 M,1.07,$0.49,N/A
PRU,$2.51 B,8.53,$0.20,1.40%
PRSN,$24.60 M,216.67,$0.00,N/A
PESO,$10.93 M,N/A,$-0.23,N/A
PET,$2.43 B,25.00,$1.35,1.19%
PTP.H,"$352,888",N/A,$-0.02,N/A
PPL.PRQ,N/A,N/A,N/A,6.87%
PPL.PRS,N/A,N/A,N/A,5.73%
PPL.PFE,N/A,N/A,N/A,6.95%
PPL.PFA,N/A,N/A,N/A,7.07%
PPL.PRG,N/A,N/A,N/A,6.59%
PPL.PRC,N/A,N/A,N/A,6.85%
PPL.PRE,N/A,N/A,N/A,4.97%
PEM.P,N/A,N/A,N/A,N/A
PINK,$114.16 M,N/A,$-0.21,N/A
PERK,$3.01 M,N/A,$-0.02,N/A
OIL,$5.41 M,N/A,$-2.82,N/A
PPTA,$408.73 M,N/A,$-0.57,N/A
PMT,$32.45 M,1.07,$0.49,N/A
PRU,$2.51 B,8.53,$0.20,1.40%
PRSN,$24.60 M,216.67,$0.00,N/A
PESO,$10.93 M,N/A,$-0.23,N/A
PESO.WT,N/A,N/A,N/A,N/A
PET,$2.43 B,25.00,$1.35,1.19%
PTP.H,"$352,888",N/A,$-0.02,N/A
PFC,$23.37 M,33.33,$0.00,N/A
PCQ,$6.14 M,N/A,$-0.01,N/A
TAL,$681.15 M,2.88,$0.27,N/A
VRY,$53.34 M,N/A,$-0.41,N/A
PRQ,$188.18 M,3.00,$0.54,N/A
PEY,$2.02 B,5.40,$2.18,11.22%
PHRX,$1.78 M,N/A,$-0.02,N/A
MDMA,$36.10 M,N/A,$-0.01,N/A
PHRM,$11.02 M,N/A,$-0.08,N/A
PHNM,$26.54 M,N/A,$-0.02,N/A
PHX,$313.86 M,4.65,$1.36,7.53%
PNE,$499.75 M,5.31,$0.28,8.90%
PINE.UT,$2.13 M,N/A,$0.00,6.00%
PNP,$36.61 M,11.17,$0.35,N/A
PIPE,$701.63 M,3.22,$0.80,4.69%
PVT,$78.53 M,N/A,$-0.27,N/A
PZA,$469.22 M,16.55,$0.89,5.90%
PJX,$13.99 M,N/A,$-0.01,N/A
NPT,$1.16 M,N/A,$-0.03,N/A
PLTH,$177.23 M,N/A,$-0.33,N/A
PBF,$3.87 M,N/A,$-0.11,N/A
PXI,$3.87 M,N/A,$-0.03,N/A
PLNK,$1.69 M,N/A,$-0.11,N/A
MILK,$1.11 M,N/A,$-0.13,N/A
FUEL,"$544,924",N/A,$-1.09,N/A
PTFY,$5.49 M,N/A,N/A,N/A
MYLK,$31.27 M,N/A,$-0.11,N/A
VEGA,"$191,459",N/A,$-725.03,N/A
PLA,"$790,347",N/A,$0.00,N/A
PTX,$8.88 M,N/A,$-0.01,N/A
PTM,$203.42 M,N/A,$-0.07,N/A
PLY,$4.70 M,N/A,$0.00,N/A
DEAL,$17.73 M,N/A,$-0.07,N/A
PMKR,$95.64 M,N/A,$-0.02,N/A
PLZ.UT,$409.25 M,12.53,$0.32,6.95%
PLRB,$16.30 M,N/A,N/A,N/A
PLUR,$9.94 M,N/A,$-0.11,N/A
PRT,$5.93 M,N/A,$-0.03,N/A
PTK,$230.46 M,N/A,$-0.74,N/A
PBL,$672.94 M,36.86,$0.65,0.66%
POM,$423.56 M,N/A,$-0.38,N/A
POND,$3.26 M,N/A,$-0.08,N/A
HULK,"$422,022",N/A,$-0.08,N/A
POPR,$48.53 M,N/A,$-0.01,N/A
PBIT,$115.89 M,10.19,$0.08,N/A
POW,$23.89 B,12.60,$2.83,5.89%
POW.PRD,N/A,N/A,N/A,6.24%
POW.PRB,N/A,N/A,N/A,6.24%
POW.PRA,N/A,N/A,N/A,6.32%
POW.PRG,N/A,N/A,N/A,6.33%
POW.PRC,N/A,N/A,N/A,6.20%
PWF.PRT,N/A,N/A,N/A,6.09%
PWF.PFA,N/A,N/A,N/A,6.12%
PWF.PRS,N/A,N/A,N/A,6.25%
PWF.PRK,N/A,N/A,N/A,6.28%
PWF.PRL,N/A,N/A,N/A,6.31%
PWF.PRZ,N/A,N/A,N/A,6.28%
PWF.PRF,N/A,N/A,N/A,6.22%
PWF.PRR,N/A,N/A,N/A,6.37%
PWF.PRE,N/A,N/A,N/A,6.39%
PWF.PRH,N/A,N/A,N/A,6.35%
PWF.PRO,N/A,N/A,N/A,6.37%
PWF.PRG,N/A,N/A,N/A,6.31%
PWF.PRQ,N/A,N/A,N/A,9.20%
PWF.PRA,N/A,N/A,N/A,6.99%
PGP,$1.20 M,N/A,$-0.05,N/A
PWM,$29.93 M,N/A,$-0.03,N/A
PNPN,$31.84 M,N/A,$-0.05,N/A
PBX,$8.83 M,N/A,$-0.11,N/A
POWR,$8.05 M,N/A,$-0.09,N/A
PPX,$7.80 M,5.36,$0.00,N/A
PPR,$11.06 M,2.30,$0.04,N/A
PSK,$5.53 B,18.14,$1.30,4.08%
PRG,$7.18 M,6.38,$0.01,N/A
PD,$863.71 M,10.37,$6.04,N/A
PMED,$12.52 M,N/A,$-0.02,N/A
PHA,$14.88 M,N/A,$-0.01,N/A
PBH,$4.60 B,31.59,$3.21,3.04%
PIC.PRA,N/A,N/A,N/A,6.39%
PNRL,$61.51 M,N/A,$-0.59,N/A
PREV,$16.06 M,N/A,$0.00,N/A
PMZ.UT,$1.24 B,N/A,$-0.06,6.31%
PDV.PRA,N/A,N/A,N/A,4.99%
PRME,$18.79 M,N/A,$-0.01,N/A
PRYM,$250.42 M,N/A,$-0.21,N/A
PRMW,$2.95 B,51.03,$0.37,2.34%
PRS.H,$4.16 M,N/A,$-0.01,N/A
PRIZ,$13.09 M,N/A,$-0.04,N/A
PRV.UT,$326.42 M,6.49,$0.83,8.36%
PMX,"$830,067",N/A,$-0.01,N/A
PRB,$279.66 M,N/A,$-0.18,N/A
PGV,$3.61 M,N/A,$-0.03,N/A
PRN,$363.51 M,N/A,$-1.73,N/A
PLAN,$22.53 M,N/A,$-0.03,N/A
PMN,$64.17 M,N/A,$-3.58,N/A
PRL,$251.95 M,10.60,$0.69,5.46%
PDFI,$2.64 M,N/A,$-0.22,N/A
PRR,$7.28 M,N/A,$-0.06,N/A
PPP,$8.10 M,N/A,$-0.14,N/A
PGX,$4.44 M,N/A,$-0.18,N/A
PEI,$38.14 M,2.10,$0.05,N/A
MAPS,$34.92 M,N/A,$-0.06,N/A
PAU,$7.95 M,N/A,$-0.01,N/A
PHD,$2.43 M,N/A,$0.00,N/A
PRUD,N/A,N/A,N/A,N/A
PSYB,$1.88 M,N/A,$-0.07,N/A
PSYC,$10.16 M,N/A,$-0.03,N/A
PSYG,$9.24 M,N/A,$-0.05,N/A
TORO,$2.35 M,N/A,$-0.04,N/A
PDO,$42.08 M,N/A,$-0.01,N/A
PUL,$25.87 M,11.11,$0.00,N/A
PSD,$95.11 M,N/A,$-0.05,3.09%
PUMA,$17.34 M,N/A,$-0.01,N/A
UX,$1.87 M,N/A,$-0.26,N/A
PE,$32.69 M,N/A,$0.00,N/A
PPB,$2.12 M,N/A,$0.00,N/A
PTU,$18.44 M,N/A,$-0.02,N/A
PUGS,N/A,N/A,N/A,N/A
PUSH,$1.04 M,N/A,$-0.39,N/A
PYR,$154.49 M,N/A,$-0.20,N/A
QCA,$5.87 M,N/A,$-0.16,N/A
QIPT,$277.49 M,138.63,$0.05,N/A
QUIS,$179.94 M,N/A,$-0.03,N/A
QQ,$1.07 M,N/A,$-0.04,N/A
QIS,$41.01 M,N/A,$-0.02,N/A
QYOU,$41.81 M,N/A,$-0.03,N/A
RRR.UT,$5.04 M,N/A,$-0.16,N/A
RAK,$7.26 M,N/A,$-0.04,N/A
CAKE.WT,N/A,N/A,N/A,N/A
RDS,$52.43 M,N/A,$-0.01,N/A
RDU,$16.58 M,15.45,$0.01,N/A
RAIL,N/A,N/A,N/A,N/A
RLT.P,$1.95 M,N/A,$-0.01,N/A
RAIN,"$390,478",N/A,$-0.23,N/A
RKV,$5.90 M,N/A,$-0.04,N/A
RAMM,$7.96 M,N/A,$-0.17,N/A
RNCH,$1.47 M,N/A,N/A,N/A
DOSE,$13.46 M,N/A,$-0.09,N/A
RTH,$6.91 M,N/A,$-0.01,N/A
RZE,$28.33 M,N/A,$-0.86,N/A
RBA,$13.75 B,60.51,$1.27,1.88%
RDRS,$3.40 M,N/A,N/A,N/A
RE,$28.27 M,N/A,$-0.01,5.48%
RGG,$6.70 M,N/A,$-0.06,N/A
REAX,$287.88 M,N/A,$-0.18,N/A
RS,$82.14 M,N/A,$-5.28,10.86%
RS.PRA,N/A,N/A,N/A,5.53%
LUCK,$7.21 M,N/A,$-0.13,N/A
REAL,$375.82 M,N/A,$-0.34,N/A
RR,$7.97 M,N/A,$-0.28,N/A
RECO,$239.93 M,N/A,$-0.26,N/A
RECO.WTA,N/A,N/A,N/A,N/A
AMY,$93.55 M,N/A,$-0.02,N/A
RGLD,$2.80 M,N/A,$-0.01,N/A
TRIP,$30.44 M,N/A,$-0.03,N/A
TRIP.WT,N/A,N/A,N/A,N/A
RPX,$22.58 M,N/A,$-0.11,N/A
RWB,$32.87 M,N/A,$-0.54,N/A
KUT,$70.06 M,11.68,$0.32,N/A
RMC,$7.31 M,N/A,$-0.22,N/A
RFLX,$12.17 M,N/A,N/A,N/A
GIII,$52.08 M,N/A,$-0.11,N/A
RSMX,$17.37 M,N/A,$-0.15,N/A
RGX,$38.19 M,2.27,$0.05,N/A
REG,$98.36 M,N/A,$-0.04,N/A
RET,$156.51 M,2.23,$1.59,N/A
RET.A,$156.51 M,1.89,$1.59,N/A
MYID,$3.45 M,N/A,$-0.03,N/A
REKO,$29.44 M,15.68,$0.33,N/A
RGC,N/A,N/A,N/A,N/A
RHT,$119.85 M,N/A,$-0.01,N/A
RFR,$6.53 M,N/A,$-0.01,N/A
RW,$6.10 M,N/A,$-0.03,N/A
RP,$10.82 M,N/A,$-0.04,N/A
RSS,$13.53 M,N/A,$-0.02,N/A
RAU,$2.90 M,N/A,N/A,N/A
QSR,$30.80 B,22.53,$4.31,3.08%
QSP.UT,$44.62 B,20.90,$4.73,2.98%
RVX,$34.81 M,N/A,$-0.03,N/A
RGD,$474.89 M,N/A,$-0.03,N/A
REUN,$11.18 M,N/A,$-4.83,N/A
RVG,$40.43 M,N/A,$-0.13,N/A
RVV,$19.49 M,N/A,$-0.04,N/A
REVO,$25.01 M,N/A,$-0.01,N/A
REVV,$12.58 M,N/A,$-0.28,N/A
OWN,$1.28 M,N/A,$-0.01,N/A
REYG,$6.62 M,N/A,$-0.07,N/A
RSLV,$33.37 M,N/A,$-0.08,N/A
RCG,$177.82 M,N/A,$-0.94,N/A
RCG.PRB,N/A,N/A,N/A,7.68%
RYE,$8.75 M,N/A,$-0.18,N/A
RCH,$2.55 B,15.69,$2.86,1.34%
RMD,$4.25 M,N/A,$0.00,N/A
RDG,$12.99 M,N/A,$-0.02,N/A
RMI,"$742,173",N/A,$-0.10,N/A
RLYG,$6.44 M,5.17,$0.04,N/A
RYO,$2.23 M,N/A,$-0.01,N/A
RIO,$54.08 M,N/A,$-0.01,N/A
REI.UT,$6.06 B,31.52,$0.64,5.34%
RISE,$8.07 M,N/A,$-0.17,N/A
RIV,$18.02 M,N/A,$-1.33,N/A
RVLY,$93.77 M,N/A,$-0.47,N/A
RRI,$11.17 M,N/A,$0.00,N/A
RJX.A,$4.73 M,N/A,$-0.01,N/A
RCT,"$942,883",N/A,$-0.10,N/A
REDG,N/A,N/A,N/A,N/A
RCK,$199.35 M,N/A,$-0.80,N/A
RCK.WT,N/A,N/A,N/A,N/A
RXM,$3.34 M,N/A,$0.00,N/A
RK,$14.50 M,N/A,$0.00,N/A
RKL,$2.70 M,N/A,$-0.06,N/A
ROCK,$3.50 M,N/A,$-0.01,N/A
RCI.A,$33.17 B,18.60,$3.55,3.03%
RCI.B,$33.37 B,18.15,$3.55,3.11%
RSI,$629.71 M,N/A,$-0.18,5.99%
RRS,$1.24 M,N/A,$-0.13,N/A
ROK,$73.85 M,0.55,$0.63,N/A
ROK.WT,N/A,N/A,N/A,N/A
RKR,$10.48 M,N/A,$-0.04,N/A
RMR,N/A,N/A,N/A,N/A
RG,$6.05 M,N/A,$-0.01,N/A
ROOT,$127.24 M,18.63,$0.16,N/A
ROS,$70.12 M,N/A,$-0.03,N/A
RRM.H,"$430,050",N/A,$-0.01,N/A
ROVR,$2.49 M,N/A,$-0.06,N/A
RY,$176.23 B,11.98,$10.51,4.19%
RY.PRM,N/A,N/A,N/A,4.44%
RY.PRO,N/A,N/A,N/A,5.70%
RY.PRJ,N/A,N/A,N/A,4.56%
RY.PRN,N/A,N/A,N/A,5.70%
RY.PRS,N/A,N/A,N/A,6.23%
RY.PRZ,N/A,N/A,N/A,5.57%
RY.PRH,N/A,N/A,N/A,5.49%
RHC,$85.67 M,N/A,$-0.02,N/A
RYR,$37.20 M,N/A,$-0.05,N/A
RI,$13.70 M,N/A,$0.00,N/A
RTM,$3.42 M,N/A,$-0.26,N/A
RBY,$105.25 M,2.90,$0.65,N/A
ROMJ,$28.04 M,N/A,$-0.07,N/A
RUG,$15.71 M,N/A,$-0.06,N/A
RUN.H,"$547,705",N/A,$-0.01,N/A
RUP,$766.17 M,N/A,$-0.05,N/A
RSH,N/A,N/A,N/A,N/A
RML,$70.61 M,N/A,$-0.04,N/A
RUS,$2.23 B,6.43,$5.53,4.50%
SBN.PRA,N/A,N/A,N/A,6.14%
STWO,$3.92 M,N/A,$-0.02,N/A
SBIO,$43.87 M,N/A,$-0.02,N/A
SAE,$15.75 M,N/A,$-0.04,N/A
MIC.PRA,N/A,N/A,N/A,6.43%
SFC,$694.78 M,7.21,$0.68,6.18%
FISH,$70.30 M,N/A,$-0.02,7.05%
SRL,$12.60 M,N/A,$-0.03,N/A
SGMD,$19.95 M,N/A,$-0.28,N/A
SME,$37.31 M,N/A,$0.00,N/A
STA,$2.79 M,N/A,$-0.04,N/A
SFR,$122.80 M,N/A,$-0.01,N/A
SSL,$2.13 B,14.53,$0.49,1.13%
STC,$117.33 M,N/A,$-4.04,N/A
SANU,$7.23 M,N/A,$-0.05,N/A
SAP,$15.21 B,29.49,$1.19,2.04%
SWA,$13.10 M,N/A,$-0.04,N/A
SASQ,N/A,N/A,N/A,N/A
SASY,$8.75 M,N/A,$-0.04,N/A
MSCL,$17.90 M,N/A,$-0.31,N/A
SATO,$17.05 M,N/A,$-0.08,N/A
SOIL,$311.92 M,0.39,$5.76,N/A
SOIL.WTB,N/A,N/A,N/A,N/A
SIS,$1.09 B,30.54,$0.56,3.05%
SRE,$1.02 M,N/A,$0.00,N/A
SBD,"$425,130",N/A,$-0.19,N/A
SKAL.P,N/A,N/A,N/A,N/A
SCY,$17.79 M,28.57,$0.00,N/A
SCPE,$74.00 M,N/A,N/A,N/A
SCV,$6.93 M,N/A,$-0.08,N/A
SCOT,$64.57 M,N/A,$-0.03,N/A
SCTM,$10.08 M,N/A,$-0.01,N/A
SCYB,$32.36 M,N/A,$-0.07,N/A
SEA,$1.50 B,N/A,$-0.14,N/A
SEAG,$5.85 M,N/A,$-0.01,N/A
SCLT,$5.97 M,N/A,$-0.01,N/A
SES,$1.92 B,9.52,$0.64,6.51%
SGZ,$3.69 M,N/A,$0.00,N/A
SKUR,$14.04 M,N/A,$-0.06,N/A
SNS,$3.54 M,N/A,$-0.01,N/A
SENS,$1.24 M,20.00,$0.00,N/A
SEC,$797.52 M,N/A,$-111.10,N/A
SVA,$269.97 M,N/A,$-0.09,N/A
SC.H,$3.33 M,N/A,$0.00,N/A
SNM,$168.44 M,1.17,$0.05,N/A
SCL,$1.06 B,581.40,$0.03,N/A
S,$202.62 M,3.32,$0.15,N/A
SMR.H,$1.58 M,N/A,$-0.02,N/A
SHP,$1.59 M,N/A,$-0.06,N/A
SHOP,$103.82 B,N/A,$-1.97,N/A
SHOW,$4.78 M,N/A,N/A,N/A
SIE,$5.68 M,N/A,$-0.01,N/A
SIA,$840.27 M,N/A,$-0.22,8.20%
SMT,$63.92 M,N/A,$-0.69,N/A
SGML,$5.62 B,N/A,$-0.60,N/A
SGNL,$52.33 M,N/A,$-0.06,N/A
SGU,$1.65 M,N/A,$-0.30,N/A
SILO,$2.15 M,N/A,$-1.60,N/A
SVB,$7.72 M,N/A,$-0.12,N/A
SBMI,$8.46 M,N/A,$-0.04,N/A
SLV,$15.50 M,N/A,$-0.02,N/A
ELEF,$11.47 M,N/A,$-0.81,N/A
SVG,$4.03 M,N/A,$-0.02,N/A
HAMR,$10.71 M,N/A,$-0.04,N/A
AGMR,$23.23 M,N/A,$-0.04,N/A
AGMR.WT,N/A,N/A,N/A,N/A
AGMR.WTA,N/A,N/A,N/A,N/A
SVE,$72.94 M,N/A,$-0.02,N/A
SNG,$12.45 M,N/A,$-0.01,N/A
SAND,"$797,767",N/A,$-0.01,N/A
SSE,$4.73 M,N/A,$-0.01,N/A
SLVR,$76.57 M,N/A,$-0.01,N/A
VIPR,$15.48 M,N/A,$-0.03,N/A
SWLF,$5.29 M,N/A,$-0.02,N/A
AGX,$48.89 M,N/A,$-0.08,N/A
SVM,$839.66 M,26.35,$0.18,0.71%
SIL,$1.35 B,15.42,$0.59,N/A
SF,$4.02 M,N/A,$-0.03,N/A
STK,$2.29 M,N/A,$-0.01,N/A
SBBC,$17.24 M,N/A,$-0.46,N/A
SEI,$63.02 M,N/A,$-0.01,N/A
SEI.WT,N/A,N/A,N/A,N/A
SOI,$14.07 M,N/A,$-0.01,N/A
SBM,$32.75 M,N/A,$-0.01,N/A
SIG,$17.50 M,N/A,$-0.01,N/A
SIXW,$3.34 M,N/A,$-0.06,N/A
SXTY,$2.70 M,N/A,$-0.03,N/A
SIX,$3.92 M,N/A,$-0.27,N/A
SKE,$572.13 M,N/A,$-1.19,N/A
SKRR,$2.82 M,N/A,$-0.01,N/A
SKYG,$4.59 M,N/A,$-0.02,N/A
SYH,$54.14 M,N/A,$-0.05,N/A
SXL,$2.99 M,N/A,$-0.01,N/A
SLNG,$5.43 M,N/A,$-0.29,N/A
SGR.UT,$792.59 M,7.03,$1.86,8.97%
SOT.UT,$175.74 M,N/A,$-0.58,5.85%
SLZ,$2.03 M,N/A,$-0.02,N/A
ZZZ,$940.44 M,9.15,$2.85,3.63%
DMT,$28.94 M,N/A,$-0.08,N/A
SRU.UT,$4.37 B,15.02,$1.71,7.21%
SMRV,$2.10 M,N/A,$-0.04,N/A
SNC,$5.88 B,430.59,$0.08,0.24%
SFTC,$1.00 B,36.56,$0.49,2.48%
SIC,$32.07 M,N/A,$-0.05,N/A
SOL,$5.27 M,N/A,$-4.61,N/A
SOLR,$23.37 M,N/A,$-0.01,N/A
SUNN,N/A,N/A,N/A,N/A
SLS,$736.95 M,N/A,$-0.61,N/A
SVS,$1.38 M,N/A,$-0.03,N/A
SOLG,$814.85 M,N/A,$0.00,N/A
SLMN,$6.65 M,N/A,$-0.05,N/A
SLR,$54.27 M,N/A,$-0.08,N/A
SGC,$10.24 M,N/A,$-0.01,N/A
SFI,$26.50 M,96.88,$0.00,1.29%
SOMA,$52.83 M,120.00,$0.01,N/A
SONA,$12.42 M,N/A,$-0.02,N/A
SDCU,$3.16 M,N/A,$-0.02,N/A
SNV.H,$2.47 M,N/A,$-0.01,N/A
SGO,$12.91 M,N/A,$-0.05,N/A
SOP.H,$13.38 M,10.00,$0.00,N/A
SRS,N/A,N/A,N/A,N/A
SHLE,$79.92 M,15.42,$0.40,N/A
SRR,N/A,N/A,N/A,8.05%
SRR.WT,N/A,N/A,N/A,240.00%
STS,$17.69 M,N/A,$-0.20,N/A
SA.H,$1.37 M,N/A,$-0.04,N/A
SOU,$47.26 M,4.65,$0.08,N/A
SSV,$53.94 M,N/A,$-0.03,N/A
SGQ,$60.35 M,N/A,$-0.06,N/A
SML,"$160,209",N/A,$-0.02,N/A
SPFY,"$454,586",N/A,$0.00,N/A
EMIN,$3.41 M,N/A,$-0.03,N/A
SAY,$6.41 M,N/A,$-0.01,N/A
SDE,$2.65 B,3.82,$4.05,N/A
SRI,$5.89 M,N/A,$0.00,N/A
SPRX,"$980,862",N/A,$-0.07,N/A
SPC,$11.88 M,N/A,$-0.03,N/A
SSA,$2.49 M,31.48,$0.01,N/A
SEV,$24.59 M,N/A,$-0.21,N/A
EDT,$88.58 M,N/A,$-0.03,N/A
SOO.P,"$429,600",0.34,$0.18,N/A
SPTZ,$5.05 M,N/A,N/A,N/A
SPEY,$5.34 M,N/A,$-0.06,N/A
TOY,$3.59 B,13.68,$2.59,0.68%
SPIR,N/A,N/A,N/A,N/A
SPOD,$4.81 M,N/A,$-0.01,N/A
SPP,$12.09 M,N/A,$-0.01,N/A
LITE,$4.64 M,N/A,$-0.05,N/A
SII,$1.18 B,47.14,$0.96,3.00%
BYFM,$4.09 M,N/A,N/A,N/A
SQD,$26.41 M,N/A,$-0.05,N/A
SQX,$2.48 M,N/A,$0.00,N/A
SRG,$68.29 M,N/A,$-0.05,N/A
SSRM,$4.43 B,21.84,$0.97,1.80%
SAU,$50.58 M,N/A,$0.00,N/A
LORD,$4.17 M,N/A,$-0.68,N/A
STCK,$59.55 M,N/A,$-0.88,N/A
STCK.WT,N/A,N/A,N/A,N/A
SZLS,$5.80 M,N/A,$-0.16,N/A
SRC,$10.75 M,271.43,$0.00,N/A
STUD,$31.63 M,N/A,$-0.02,N/A
SDI,$51.43 M,4.97,$0.05,N/A
SLI,$785.59 M,N/A,$-0.13,N/A
SMA,$5.71 M,11.98,$0.07,N/A
STND,$6.37 M,N/A,$-0.02,N/A
STN,$8.81 B,32.30,$2.41,1.00%
DIAM,$38.08 M,N/A,$-0.14,N/A
SNA,$33.76 M,N/A,$-0.01,N/A
STRR,$28.57 M,1.27,$0.30,N/A
STRR.WT,N/A,N/A,N/A,N/A
SAM,$9.74 M,N/A,$-0.03,N/A
STE,$23.69 M,N/A,$-0.21,N/A
STX,$18.43 M,N/A,$-0.11,N/A
STMN,N/A,N/A,N/A,N/A
STPH,$1.22 M,N/A,$-0.03,N/A
STER,$33.90 M,N/A,$-0.27,N/A
STLC,$2.46 B,4.22,$10.19,3.91%
SJ,$3.66 B,14.30,$4.21,1.53%
SPX,$4.45 M,N/A,$-0.01,N/A
STH,$13.15 M,N/A,$-0.01,N/A
STEM,$4.33 M,N/A,$-0.09,N/A
STEP,$237.77 M,2.21,$1.46,N/A
STGO,$68.16 M,2.57,$0.39,N/A
SAG,$8.17 M,N/A,$-0.03,N/A
SX,$36.12 M,N/A,$-0.03,N/A
PGE,$33.70 M,N/A,$-0.03,N/A
RAY.A,$407.35 M,13.23,$0.43,5.31%
RAY.B,$408.10 M,13.35,$0.43,5.26%
PUMP,$6.25 M,N/A,$0.00,N/A
SVI,$2.26 B,N/A,$-0.09,0.19%
STRM,$5.61 M,N/A,$-0.19,N/A
ST,$3.18 M,N/A,$-0.06,N/A
SB,$7.10 M,N/A,$-0.02,N/A
SMD,$29.96 M,N/A,$-0.03,N/A
SR,$28.45 M,N/A,$-0.17,N/A
STGX,N/A,N/A,N/A,N/A
SUU,$18.64 M,N/A,$-0.11,N/A
SRA,$5.19 M,N/A,$-0.08,N/A
SKP,$11.40 M,N/A,$-0.01,N/A
SDR,$2.75 M,N/A,$-0.03,N/A
STUV,"$453,600",N/A,$-0.01,N/A
SMC,$5.77 M,N/A,$-0.10,N/A
SSVR,$54.43 M,N/A,$-0.04,N/A
SLF,$39.39 B,13.07,$5.12,4.48%
SLF.PRG,N/A,N/A,N/A,3.67%
SLF.PRH,N/A,N/A,N/A,4.86%
SLF.PRC,N/A,N/A,N/A,5.85%
SLF.PRD,N/A,N/A,N/A,5.91%
SLF.PRE,N/A,N/A,N/A,5.84%
SLF.PRJ,N/A,N/A,N/A,8.26%
SLF.PRK,N/A,N/A,N/A,8.10%
SRES,$12.20 M,3.59,$0.02,6.33%
SMN,$7.75 M,N/A,$-0.06,N/A
SU,$51.33 B,6.60,$5.96,5.29%
SOY,$1.19 B,N/A,$-0.14,N/A
SAI.H,"$720,062",N/A,$0.00,N/A
SPZ,$1.62 M,N/A,$-0.61,N/A
SGI,$25.92 M,N/A,$-0.15,N/A
SUI,$14.41 M,N/A,$0.00,N/A
SPB,$2.07 B,N/A,$-0.66,7.01%
SUPR,$2.21 M,N/A,$-0.07,N/A
SXP,$143.13 M,4.52,$1.21,2.55%
NILI,$40.65 M,N/A,$-0.03,N/A
SURG,$20.34 M,N/A,$-0.01,N/A
SGY,$736.87 M,2.63,$3.04,6.02%
PWI.PRA,$26.31 M,N/A,N/A,5.27%
SWRM,$9.39 M,N/A,$-0.09,N/A
SE,"$280,296",N/A,N/A,N/A
SWP,$25.65 M,86.10,$0.03,N/A
SWIM,$2.47 M,N/A,$-0.03,N/A
SYG,$3.42 M,N/A,$-0.13,N/A
SYZ,$145.65 M,73.99,$0.08,0.66%
SXI,$7.45 M,N/A,$-0.44,N/A
TWO,$7.80 M,N/A,$-0.03,N/A
TAAT,$17.39 M,N/A,$-0.19,N/A
RARE,$3.95 M,N/A,$-0.17,N/A
TAO,$113.64 M,N/A,$-0.01,N/A
TBL,$287.74 M,4.77,$0.58,N/A
TAIG,$39.72 M,N/A,$-2.00,N/A
TAIG.WT,N/A,N/A,N/A,N/A
TAJ,$5.03 M,N/A,$-0.03,N/A
TSK,$51.85 M,N/A,$-0.04,N/A
TLO,$250.50 M,N/A,$0.00,N/A
TVE,$1.99 B,5.12,$0.71,4.16%
TANA,"$696,250",N/A,$-0.02,N/A
GRID,$37.91 M,N/A,$-0.15,N/A
TRG,$4.17 M,N/A,$-0.08,N/A
TRO,$13.28 M,N/A,$0.00,N/A
TEX,$18.72 M,N/A,$-0.02,N/A
TMS.H,$1.28 M,N/A,$0.00,N/A
TN,$15.43 M,N/A,$-0.06,N/A
TKO,$545.11 M,N/A,$-0.09,N/A
TAUR,$3.50 M,N/A,$-0.02,N/A
TRP,$54.36 B,33.69,$1.61,6.87%
TRP.PRI,N/A,N/A,N/A,9.13%
TRP.PRG,N/A,N/A,N/A,5.40%
TRP.PRH,N/A,N/A,N/A,11.22%
TRP.PRF,N/A,N/A,N/A,10.85%
TRP.PRE,N/A,N/A,N/A,6.46%
TRP.PRA,N/A,N/A,N/A,6.53%
TRP.PRB,N/A,N/A,N/A,4.21%
TRP.PRC,N/A,N/A,N/A,4.52%
TDG,$27.53 M,N/A,$-0.08,N/A
TEA,$18.45 M,N/A,$-0.03,N/A
TECK.B,$29.76 B,10.09,$5.41,0.92%
TCS,$378.67 M,89.29,$0.29,1.16%
TECT,$19.09 M,N/A,$-0.02,N/A
TSAT,$331.35 M,N/A,$-2.82,N/A
TELI,$7.94 M,N/A,$-0.04,N/A
TELO,$16.75 M,N/A,$-0.04,N/A
TIXT,$6.05 B,27.63,$0.79,N/A
TMAS,$1.41 M,N/A,$-0.05,N/A
TEM,$18.83 M,N/A,$-0.03,N/A
TEMP,$5.94 M,N/A,$-0.01,N/A
TMRR,$8.23 M,N/A,$-0.01,N/A
TNZ,$68.09 M,14.92,$0.16,N/A
PKK,$36.83 M,N/A,$-0.54,N/A
TPC,$6.38 M,N/A,$-0.07,N/A
TGO,$45.83 M,N/A,$-0.87,N/A
TERA,$3.38 M,N/A,$-0.05,N/A
TZR.H,"$502,349",0.30,$0.22,N/A
TEQ,$1.38 M,N/A,$-0.07,N/A
TER,$770.97 M,N/A,$-1.74,N/A
TVK,$499.33 M,10.89,$2.59,1.77%
TES,$2.18 M,N/A,$0.00,N/A
TPL,$67.76 M,9.82,$0.07,18.46%
TUO,$80.29 M,N/A,$-0.18,N/A
TEVO,$2.25 M,N/A,$-0.04,N/A
TFII,$12.74 B,12.93,$11.47,1.28%
THC,$5.74 M,N/A,$-0.02,N/A
TLT,$52.38 M,N/A,$-0.03,N/A
TSAT,$331.35 M,N/A,$-2.82,N/A
TELI,$7.94 M,N/A,$-0.04,N/A
TELO,$16.75 M,N/A,$-0.04,N/A
T,$39.37 B,26.20,$1.03,5.40%
TIXT,$6.05 B,27.63,$0.79,N/A
TMAS,$1.41 M,N/A,$-0.05,N/A
TEM,$18.83 M,N/A,$-0.03,N/A
TEMP,$5.94 M,N/A,$-0.01,N/A
TMRR,$8.23 M,N/A,$-0.01,N/A
TNZ,$68.09 M,14.92,$0.16,N/A
PKK,$36.83 M,N/A,$-0.54,N/A
TPC,$6.38 M,N/A,$-0.07,N/A
TGO,$45.83 M,N/A,$-0.87,N/A
TRA,$2.51 M,N/A,$-0.06,N/A
TERA,$3.38 M,N/A,$-0.05,N/A
TII,$34.17 M,15.71,$0.35,4.36%
TZR.H,"$502,349",0.30,$0.22,N/A
TEQ,$1.38 M,N/A,$-0.07,N/A
TER,$770.97 M,N/A,$-1.74,N/A
TVK,$499.33 M,10.89,$2.59,1.77%
TES,$2.18 M,N/A,$0.00,N/A
TPL,$67.76 M,9.82,$0.07,18.46%
TUO,$80.29 M,N/A,$-0.18,N/A
TEVO,$2.25 M,N/A,$-0.04,N/A
TFII,$12.74 B,12.93,$11.47,1.28%
THC,$5.74 M,N/A,$-0.02,N/A
TLT,$52.38 M,N/A,$-0.03,N/A
TLT.WT,N/A,N/A,N/A,N/A
TH,$118.10 M,N/A,$-0.66,N/A
THRM,$13.17 M,N/A,$-0.01,N/A
TMG,$17.23 M,N/A,$0.00,N/A
THNK,$22.20 M,N/A,$-0.43,N/A
THNC,$181.25 M,N/A,$-0.52,N/A
TTI,$23.88 M,N/A,$-0.25,N/A
TRI,$80.27 B,51.56,$3.26,1.58%
TRI.PRB,N/A,N/A,N/A,6.70%
THX,$189.90 M,5.69,$0.05,N/A
TVC.H,$2.81 M,N/A,$-0.07,N/A
IDK,$11.43 M,N/A,$-0.36,N/A
TBRD,$181.65 M,"35,600.00",$0.00,N/A
AWE,$5.33 M,N/A,$-0.03,N/A
TWM,$382.12 M,N/A,$-0.14,4.40%
TWM.WT,N/A,N/A,N/A,N/A
LCFS,$287.07 M,N/A,$-0.38,N/A
TLP.UT,$13.64 M,N/A,$-0.73,N/A
TSLV,$27.91 M,N/A,$-0.06,N/A
TIDL,$6.24 M,N/A,$-0.06,N/A
TLRY,$2.01 B,N/A,$-4.03,N/A
TF,$627.29 M,10.29,$0.72,9.29%
TBR,$16.91 M,N/A,$-0.04,N/A
TK,$48.91 M,N/A,$0.00,N/A
TNY,$6.03 M,N/A,$-0.04,N/A
TORC,$8.84 M,N/A,$-0.04,N/A
TTS,"$918,099",0.10,$0.20,N/A
TINY,$804.60 M,N/A,$-0.55,N/A
TCEC,$8.56 M,N/A,$-0.05,N/A
TLA,$15.41 M,8.44,$0.07,N/A
TMD,$23.50 M,N/A,$-0.24,N/A
TI,$68.10 M,20.25,$0.02,8.33%
TTNM,$117.18 M,5.23,$0.50,3.08%
X,$8.18 B,22.33,$6.51,2.39%
TNR,$10.50 M,N/A,$0.00,N/A
TOC,$22.27 M,N/A,$-0.07,N/A
LOT,$3.59 M,N/A,$-0.02,N/A
TBLL,$1.31 M,N/A,$-0.01,N/A
TXT.PRA,N/A,N/A,N/A,6.97%
TPZ,$2.98 B,31.36,$0.66,5.66%
TOI,$8.02 B,162.58,$0.59,N/A
TGH,$73.37 M,30.00,$0.02,N/A
TIH,$9.27 B,19.15,$5.91,1.52%
TD,$149.87 B,10.01,$8.27,4.47%
TD.PFM,N/A,N/A,N/A,5.42%
TD.PFI,N/A,N/A,N/A,6.41%
TD.PFL,N/A,N/A,N/A,5.64%
TD.PFK,N/A,N/A,N/A,5.75%
TD.PFA,N/A,N/A,N/A,5.61%
TD.PFB,N/A,N/A,N/A,5.55%
TD.PFD,N/A,N/A,N/A,4.60%
TD.PFC,N/A,N/A,N/A,5.94%
TD.PFE,N/A,N/A,N/A,4.63%
TORQ,$47.46 M,N/A,$-0.13,N/A
TORR,$18.75 M,N/A,$-0.22,N/A
TGLD,$1.99 M,N/A,$-0.06,N/A
TOT,$367.05 M,6.44,$1.40,3.55%
TOH,$32.88 M,N/A,$-0.04,N/A
TOH.WT,N/A,N/A,N/A,N/A
TTZ,$7.41 M,17.88,$0.02,N/A
TOTC.P,"$548,160",N/A,N/A,N/A
TXP,$230.71 M,N/A,$-0.02,N/A
TOU,$20.51 B,6.67,$9.15,1.64%
TO,$7.16 M,N/A,$-0.05,N/A
TWR,$15.88 M,N/A,$0.00,N/A
TRAC,$23.17 M,N/A,$-0.29,N/A
BLAZ.P,N/A,N/A,N/A,N/A
TBK,$2.29 M,N/A,$-0.03,N/A
TTG,$1.72 M,N/A,$-0.01,N/A
TA,$3.51 B,31.39,$0.42,1.67%
TA.PRG,N/A,N/A,N/A,8.21%
TA.PRE,N/A,N/A,N/A,8.83%
TA.PRJ,N/A,N/A,N/A,6.41%
TA.PRD,N/A,N/A,N/A,5.64%
TA.PRF,N/A,N/A,N/A,8.06%
TA.PRH,N/A,N/A,N/A,8.09%
RNW,$3.41 B,43.91,$0.29,7.33%
TCL.A,$1.31 B,10.42,$1.43,6.04%
TCL.B,$1.31 B,10.50,$1.43,6.00%
TFM,"$181,309",5.26,$0.01,N/A
XTM,$4.30 M,N/A,$-0.08,N/A
TOP.P,N/A,N/A,N/A,N/A
TML,$42.93 M,N/A,$-0.18,N/A
TML.WT,N/A,N/A,N/A,N/A
TRUE,$4.30 M,N/A,$-0.06,N/A
TSL,$95.40 M,3.62,$0.92,3.59%
TMC,$8.32 M,N/A,$0.00,N/A
TRS,$1.84 M,6.35,$0.01,N/A
TRBE,$25.46 M,N/A,$-0.50,N/A
TRBC,$7.95 M,N/A,$-0.02,N/A
TCW,$735.05 M,6.90,$0.47,4.92%
TCN,$2.96 B,3.88,$2.80,2.92%
TG,$3.20 M,N/A,$-0.01,N/A
TM,$35.86 M,N/A,$-0.07,N/A
TCF,$152.45 M,N/A,$-0.03,N/A
TCF.WT,N/A,N/A,N/A,N/A
TGM,$7.58 M,N/A,$-0.21,N/A
TRL.H,$24.37 M,0.04,$6.67,N/A
TMQ,$111.72 M,N/A,$-0.22,N/A
TFPM,$3.96 B,42.65,$0.45,1.42%
TONE,$1.60 M,N/A,$-0.02,N/A
KETA,N/A,N/A,N/A,N/A
TSG,$36.99 M,N/A,$-0.01,N/A
TSU,$1.62 B,84.08,$0.41,N/A
TIG,$10.40 M,N/A,$-0.11,N/A
TLG,$119.99 M,20.91,$0.03,N/A
TGII,$3.91 M,N/A,$-0.01,N/A
TR,"$755,807",N/A,$-0.02,N/A
TROY,$6.08 M,N/A,N/A,N/A
TRU,$3.22 M,N/A,$-0.05,N/A
TNT.UT,$239.47 M,27.79,$0.10,11.25%
TGX,$2.05 M,N/A,$-0.03,N/A
TRUL,$1.06 B,N/A,$-1.96,N/A
TBIX,$2.16 M,N/A,$-0.07,N/A
TTT,"$763,469",N/A,$-0.01,N/A
TNX,$191.10 M,N/A,$0.00,N/A
TRYP,$7.23 M,N/A,$-0.06,N/A
TSD,$10.96 M,N/A,$-0.05,N/A
TC,$449.21 M,N/A,$-5.41,N/A
TUD,$295.30 M,N/A,$-0.04,N/A
TUGA,$2.67 M,N/A,$-0.11,N/A
TUK,$4.40 M,N/A,$-0.05,N/A
TBX,$17.14 M,N/A,$-0.06,N/A
GYM,$1.02 M,N/A,$-0.06,N/A
TVA.B,$64.38 M,N/A,$-0.45,N/A
TVI,$13.14 M,N/A,$0.00,N/A
TWC,$442.99 M,38.07,$0.47,1.11%
TWOH,"$262,642",N/A,$-0.27,N/A
TYMB,"$538,263",N/A,$-0.01,N/A
TIP.H,"$465,337",N/A,$-0.02,N/A
USCU,$7.29 M,N/A,$-0.01,N/A
USCM,$13.64 M,N/A,N/A,N/A
UBQ,$10.54 M,N/A,$-0.04,N/A
UCU,$58.39 M,N/A,$-0.11,N/A
UGE,$39.45 M,N/A,$-0.30,N/A
ULTA,"$254,187",N/A,$-0.18,N/A
ULT,$10.12 M,N/A,$-0.01,N/A
UDOC,$6.56 M,N/A,$-0.31,N/A
UGD,$12.45 M,N/A,$-0.04,N/A
UNS,$2.03 B,23.81,$1.97,N/A
USS,$3.62 M,112.50,$0.00,N/A
UNI,$33.27 M,N/A,$-0.07,N/A
ULTH,$15.70 M,N/A,$-0.05,N/A
UNV,$1.78 M,N/A,$-0.02,N/A
IBO,$3.15 M,N/A,$-0.04,N/A
UPI,$1.97 M,1.58,$0.03,N/A
UP,$1.34 M,N/A,$0.00,N/A
URC.WT,N/A,N/A,N/A,N/A
URB,$162.24 M,N/A,$-0.15,2.76%
URB.A,$158.60 M,N/A,$-0.15,2.82%
UFC,$44.27 M,6.84,$0.12,5.88%
UI,$2.61 M,N/A,$-0.05,N/A
URE,$341.50 M,N/A,$-0.06,N/A
UGH,N/A,N/A,N/A,N/A
FTU.PRB,N/A,N/A,N/A,11.04%
USHA,$9.80 M,N/A,$-0.08,N/A
VZZ,$6.92 M,N/A,$-0.01,N/A
VPH,$33.32 M,N/A,$-0.31,N/A
VLE,$203.16 M,0.78,$2.64,N/A
VMXX,$13.83 M,N/A,N/A,N/A
VO,$26.89 M,N/A,$-0.12,N/A
VEC.H,$1.27 M,N/A,$0.00,N/A
VRB,$4.73 M,N/A,$-0.02,N/A
VSR,$21.33 M,N/A,$-0.03,N/A
VCV,$3.53 M,N/A,$-0.05,N/A
VXL,$2.74 M,N/A,$0.00,N/A
VLN,$276.08 M,N/A,$-3.43,0.47%
VLC,$25.64 M,N/A,$-0.02,N/A
VTT,$18.06 M,N/A,$-0.01,N/A
VPT,$24.31 M,N/A,$-0.03,N/A
VENZ,$2.46 M,N/A,$-0.01,N/A
VRNO,$1.36 B,N/A,$-1.11,N/A
NPK,$115.70 M,9.31,$0.28,N/A
VER.H,"$491,070",0.39,$0.04,N/A
VET,$2.66 B,1.94,$8.44,2.20%
VBNK,$231.80 M,9.59,$0.94,1.11%
VBNK.PRA,N/A,N/A,N/A,7.02%
VTX,$45.67 M,11.22,$0.04,N/A
VERT,$5.55 M,N/A,$0.00,N/A
MJMJ,$1.43 M,N/A,$-0.15,N/A
FORA,$78.21 M,N/A,$-1.07,N/A
VCC.P,"$393,750",N/A,$-0.01,N/A
VEXT,$38.48 M,2.42,$0.11,N/A
VMC,$52.06 M,N/A,$-0.57,N/A
VGCX,$565.29 M,27.15,$0.32,N/A
VR,$2.98 M,N/A,$-0.03,N/A
VMD,$544.29 M,65.70,$0.20,N/A
VIN,$1.57 M,N/A,$-0.01,N/A
VIO,$14.80 M,N/A,$-0.01,N/A
VIP,$2.15 M,N/A,N/A,N/A
VQS,$10.39 M,N/A,$-0.42,N/A
VGD,$4.23 M,N/A,$-0.12,N/A
VLI,$20.96 M,N/A,$-0.01,N/A
VIZ,$5.65 M,N/A,$-0.02,N/A
VIS,$2.21 M,N/A,$-0.01,N/A
VGZ,$99.64 M,N/A,$-0.07,N/A
VBAM,N/A,N/A,N/A,N/A
VUX,$23.44 M,5.06,$0.06,N/A
VHI,$111.70 M,N/A,$0.00,N/A
VPI,$2.07 M,N/A,$-0.01,N/A
VCI,$33.37 M,14.81,$0.37,N/A
VAU,$16.52 M,N/A,$-0.05,N/A
VCU,$15.49 M,N/A,$-0.11,N/A
VZLA,$302.70 M,N/A,$-0.03,N/A
VOL,$16.54 M,N/A,$-0.07,N/A
VOL.WTA,N/A,N/A,N/A,N/A
VC,"$694,972",N/A,$-0.20,N/A
VG,$8.65 M,N/A,$-0.06,N/A
VCT,$12.61 M,N/A,$-0.02,N/A
VLT,$45.10 M,N/A,$-0.05,N/A
VOLT,$2.54 M,N/A,$-0.02,N/A
VRTX,$20.81 M,N/A,N/A,N/A
VMS,$4.39 M,N/A,$-0.08,N/A
VXTR,$107.06 M,N/A,$-0.06,N/A
VONE,$12.55 M,N/A,$-0.04,N/A
VOY,$16.13 M,N/A,$-0.02,N/A
VPN,$5.01 M,N/A,$-0.01,N/A
VRR,$21.38 M,N/A,$-0.02,N/A
VSBY,$27.80 M,N/A,$-0.08,N/A
VSBY.WT,N/A,N/A,N/A,N/A
VUL,$26.79 M,N/A,$-0.02,N/A
VVC,$39.11 M,N/A,$-0.02,N/A
WJX,$479.17 M,6.87,$3.33,5.77%
WRR,$5.49 M,N/A,$-0.05,N/A
WFC,$649.07 M,13.46,$1.49,N/A
WM,$127.95 M,N/A,$-0.04,N/A
WBGD,$10.14 M,N/A,$-0.01,N/A
WRI,$1.25 M,N/A,$0.00,N/A
WOGC,"$791,812",N/A,$-0.02,N/A
WCN,$48.81 B,42.52,$4.37,0.75%
WWT,$12.62 M,7.52,$0.01,N/A
WAVE,$1.62 M,N/A,$-0.01,N/A
WML,$118.16 M,N/A,$0.00,N/A
WDGY,$4.52 M,N/A,$-0.05,N/A
GRUV,N/A,N/A,N/A,N/A
WELL,$1.05 B,N/A,$-0.02,N/A
WFLD,$38.16 M,N/A,$-0.36,N/A
WFLD.WT,N/A,N/A,N/A,N/A
WESA,$1.46 M,N/A,$-0.36,N/A
WCE,$2.69 M,15.85,$0.00,N/A
WGF,$2.00 M,N/A,$0.00,N/A
WDO,$1.24 B,N/A,$-0.15,N/A
WFG,$8.51 B,9.28,$10.75,1.63%
WHY,$33.61 M,N/A,$-0.05,N/A
WEST,$1.82 M,N/A,$-0.05,N/A
WRLG,$35.42 M,N/A,$-0.01,N/A
WVM,$55.19 M,N/A,$-0.03,N/A
WED,$458.09 M,3.21,$1.02,N/A
WBE,$8.37 M,11.43,$0.02,7.84%
WEB,$101.74 M,N/A,$-0.02,N/A
WAM,$45.16 M,N/A,$-0.18,N/A
WA,$2.33 M,N/A,$-0.01,N/A
WRN,$340.87 M,N/A,$-0.03,N/A
WRG,$87.99 M,1.17,$2.21,N/A
WEX,$25.21 M,N/A,$-0.23,N/A
WEF,$348.42 M,62.35,$0.02,4.72%
WGLD,$3.72 M,N/A,$-0.08,N/A
WI,$12.12 M,N/A,$-0.01,N/A
WMS,$2.82 M,N/A,N/A,N/A
WP,$3.81 M,6.71,$0.02,N/A
WSR,N/A,N/A,N/A,N/A
WUC,$47.09 M,N/A,$-0.03,N/A
WHN,$43.94 M,N/A,$-0.01,N/A
WKG,$1.93 M,N/A,$0.00,N/A
WMC,N/A,N/A,N/A,N/A
WPRT,$166.16 M,N/A,$-0.39,N/A
WGO,$54.60 M,N/A,$-0.01,N/A
WCP,$6.17 B,4.92,$2.09,5.64%
WMK,$39.66 M,N/A,$0.00,N/A
WWA.P,N/A,N/A,N/A,N/A
YTY,$3.82 M,N/A,$-0.01,N/A
WILD,$330.31 M,N/A,$-0.02,N/A
CANS,$13.07 M,N/A,$-0.32,N/A
WSK,$5.75 M,N/A,$-0.27,N/A
WLLW,$14.85 M,N/A,$-0.13,N/A
WCM.B,$57.26 M,61.83,$0.10,N/A
WIL,$48.90 M,N/A,$-0.02,N/A
WIN,$10.69 M,N/A,$-0.01,N/A
WPK,$3.01 B,16.88,$2.73,0.26%
WINS,$7.97 M,N/A,$-0.01,N/A
WISH,$31.20 M,N/A,$-0.03,N/A
WITT.P,N/A,N/A,N/A,N/A
WLF,$23.85 M,N/A,$-0.02,N/A
WNDR,$24.38 M,N/A,$-0.63,N/A
WNDR.WTA,N/A,N/A,N/A,N/A
WCU,$18.94 M,N/A,$-0.17,N/A
WFS.PRA,N/A,N/A,N/A,5.77%
WSM.X,"$336,645",N/A,$0.00,N/A
WSP,$21.77 B,47.40,$3.67,0.86%
XONE,"$713,662",N/A,$-0.10,N/A
XGC,$7.66 M,N/A,$-0.01,N/A
XAM,$75.12 M,N/A,$0.00,N/A
XND,"$702,662",N/A,$-0.05,N/A
GIG,"$576,194",N/A,$-0.09,N/A
XRI,N/A,N/A,N/A,N/A
XBRA,$3.15 M,N/A,$-0.17,N/A
XIGM,"$995,595",N/A,$-1.08,N/A
XIM,$15.61 M,N/A,$-0.05,N/A
XRTX,$19.79 M,N/A,$-0.58,N/A
XPLR,$1.23 M,N/A,$0.00,N/A
VRAR,$2.71 M,N/A,$-0.08,N/A
XSF,$3.78 M,N/A,$-0.08,N/A
XTT,$10.86 M,N/A,$-0.02,N/A
XTRA,$199.01 M,N/A,$-0.28,N/A
XTG,$38.55 M,115.94,$0.01,N/A
XL,$2.10 M,N/A,$-0.26,N/A
YOO,$3.11 M,1.38,$0.03,N/A
YGR,$153.91 M,1.68,$1.06,N/A
Y,$235.10 M,3.69,$3.41,6.35%
YY,$1.53 M,N/A,$-0.02,N/A
YNV,$11.22 M,N/A,$-0.04,N/A
YRB,$19.57 M,N/A,$-0.01,N/A
YORK,$20.62 M,N/A,$-0.06,N/A
YEG,$8.41 M,N/A,$0.00,N/A
TYUM,$15.12 M,N/A,$-0.30,N/A
ZACA,$2.55 M,N/A,$-0.23,N/A
ZAC,$29.48 M,N/A,$-0.16,N/A
ZBNI,$2.72 M,N/A,$-0.02,N/A
ZDC,$42.54 M,6.98,$0.08,N/A
ZEN,$212.01 M,N/A,$-0.17,N/A
ZFR,$7.04 M,N/A,$-0.01,N/A
ZEU,"$882,943",N/A,$-0.11,N/A
ZC,$2.49 M,N/A,$-0.37,N/A
Z.H,"$387,914",N/A,$-0.03,N/A
ZAIR,$14.63 M,N/A,$-0.07,N/A
ZNC.H,$1.34 M,0.29,$0.24,N/A
ZNX,$16.90 M,N/A,$0.00,N/A
ZOG,$2.61 M,N/A,$-0.05,N/A
ZONE,$4.13 M,N/A,$-0.01,N/A
ZUM,$12.31 M,225.00,$0.00,N/A
ZTE,"$800,616",N/A,$0.00,N/A
